일자,서울,부산,대구,인천,광주,대전,울산,세종,경기,강원,충북,충남,전북,전남,경북,경남,제주,검역
2020-01-20,-,-,-,1 ,-,-,-,-,-,-,-,-,-,-,-,-,-,-
2020-01-21,-,-,-,-,-,-,-,-,-,-,-,-,-,-,-,-,-,-
2020-01-22,-,-,-,-,-,-,-,-,-,-,-,-,-,-,-,-,-,-
2020-01-23,-,-,-,-,-,-,-,-,-,-,-,-,-,-,-,-,-,-
2020-01-24,1 ,-,-,-,-,-,-,-,-,-,-,-,-,-,-,-,-,-
2020-01-25,-,-,-,-,-,-,-,-,-,-,-,-,-,-,-,-,-,-
2020-01-26,-,-,-,-,-,-,-,-,1 ,-,-,-,-,-,-,-,-,-
2020-01-27,-,-,-,-,-,-,-,-,1 ,-,-,-,-,-,-,-,-,-
2020-01-28,-,-,-,-,-,-,-,-,-,-,-,-,-,-,-,-,-,-
2020-01-29,-,-,-,-,-,-,-,-,-,-,-,-,-,-,-,-,-,-
2020-01-30,3 ,-,-,-,-,-,-,-,-,-,-,-,-,-,-,-,-,-
2020-01-31,3 ,-,-,-,-,-,-,-,-,-,-,-,1 ,-,-,-,-,-
2020-02-01,-,-,-,-,-,-,-,-,1 ,-,-,-,-,-,-,-,-,-
2020-02-02,1 ,-,-,-,-,-,-,-,2 ,-,-,-,-,-,-,-,-,-
2020-02-03,-,-,-,-,-,-,-,-,-,-,-,-,-,-,-,-,-,-
2020-02-04,-,-,-,-,1 ,-,-,-,-,-,-,-,-,-,-,-,-,-
2020-02-05,2 ,-,-,-,1 ,-,-,-,2 ,-,-,-,-,-,-,-,-,-
2020-02-06,2 ,-,-,-,-,-,-,-,-,-,-,-,-,1 ,-,-,-,-
2020-02-07,-,-,-,-,-,-,-,-,-,-,-,-,-,-,-,-,-,-
2020-02-08,-,-,-,-,-,-,-,-,-,-,-,-,-,-,-,-,-,-
2020-02-09,-,-,-,-,-,-,-,-,3 ,-,-,-,-,-,-,-,-,-
2020-02-10,-,-,-,-,-,-,-,-,1 ,-,-,-,-,-,-,-,-,-
2020-02-11,-,-,-,-,-,-,-,-,-,-,-,-,-,-,-,-,-,-
2020-02-12,-,-,-,-,-,-,-,-,-,-,-,-,-,-,-,-,-,-
2020-02-13,-,-,-,-,-,-,-,-,-,-,-,-,-,-,-,-,-,-
2020-02-14,-,-,-,-,-,-,-,-,-,-,-,-,-,-,-,-,-,-
2020-02-15,-,-,-,-,-,-,-,-,-,-,-,-,-,-,-,-,-,-
2020-02-16,2 ,-,-,-,-,-,-,-,-,-,-,-,-,-,-,-,-,-
2020-02-17,-,-,-,-,-,-,-,-,-,-,-,-,-,-,-,-,-,-
2020-02-18,-,-,1 ,-,-,-,-,-,1 ,-,-,-,-,-,-,-,-,-
2020-02-19,2 ,-,27 ,-,-,-,-,-,-,-,-,-,-,-,5 ,-,-,-
2020-02-20,-,-,12 ,-,-,-,-,-,-,-,-,-,-,-,4 ,-,-,-
2020-02-21,5 ,-,44 ,-,1 ,-,-,-,1 ,-,1 ,1 ,1 ,-,17 ,2 ,1 ,-
2020-02-22,2 ,2 ,67 ,-,3 ,1 ,-,1 ,2 ,-,2 ,-,1 ,-,106 ,2 ,1 ,-
2020-02-23,3 ,7 ,136 ,1 ,1 ,1 ,1 ,-,8 ,6 ,-,-,-,-,39 ,7 ,-,-
2020-02-24,4 ,8 ,152 ,-,2 ,1 ,-,-,12 ,-,-,-,-,-,19 ,9 ,-,-
2020-02-25,7 ,18 ,54 ,-,-,-,1 ,-,5 ,-,-,-,-,-,44 ,1 ,-,-
2020-02-26,8 ,13 ,184 ,1 ,-,-,1 ,-,3 ,-,2 ,1 ,-,-,36 ,4 ,-,-
2020-02-27,10 ,8 ,340 ,-,-,5 ,3 ,-,12 ,-,2 ,5 ,-,-,53 ,11 ,-,-
2020-02-28,7 ,5 ,296 ,1 ,-,4 ,5 ,-,11 ,-,3 ,9 ,2 ,-,74 ,10 ,-,-
2020-02-29,12 ,14 ,742 ,2 ,-,1 ,6 ,-,10 ,1 ,-,32 ,-,1 ,75 ,13 ,-,-
2020-03-01,8 ,4 ,512 ,-,-,-,-,-,8 ,-,1 ,12 ,-,1 ,48 ,1 ,-,-
2020-03-02,9 ,6 ,517 ,1 ,-,1 ,3 ,-,8 ,12 ,-,17 ,1 ,1 ,108 ,2 ,-,-
2020-03-03,7 ,2 ,520 ,-,2 ,-,-,-,2 ,1 ,-,4 ,1 ,-,59 ,1 ,1 ,-
2020-03-04,-,3 ,398 ,1 ,2 ,1 ,3 ,-,9 ,1 ,-,1 ,-,-,95 ,2 ,-,-
2020-03-05,5 ,-,326 ,1 ,-,1 ,-,-,7 ,2 ,1 ,4 ,-,-,81 ,9 ,1 ,-
2020-03-06,2 ,3 ,367 ,-,-,2 ,-,-,10 ,2 ,3 ,4 ,-,-,122 ,3 ,-,-
2020-03-07,3 ,1 ,390 ,-,-,-,-,1 ,10 ,1 ,5 ,2 ,-,-,65 ,5 ,-,-
2020-03-08,12 ,1 ,297 ,-,-,-,1 ,1 ,11 ,1 ,4 ,6 ,-,-,32 ,1 ,-,-
2020-03-09,10 ,-,190 ,-,2 ,-,-,3 ,12 ,1 ,1 ,4 ,-,-,25 ,-,-,-
2020-03-10,11 ,-,92 ,4 ,-,-,-,2 ,10 ,-,-,2 ,-,-,10 ,-,-,-
2020-03-11,53 ,2 ,131 ,12 ,-,-,1 ,2 ,11 ,1 ,2 ,8 ,-,-,18 ,1 ,-,-
2020-03-12,19 ,2 ,72 ,-,-,2 ,-,5 ,3 ,-,-,2 ,-,-,8 ,1 ,-,-
2020-03-13,12 ,1 ,61 ,2 ,-,2 ,2 ,17 ,8 ,-,-,1 ,-,-,4 ,-,-,-
2020-03-14,13 ,3 ,62 ,1 ,-,-,-,6 ,15 ,-,1 ,-,-,-,6 ,-,-,-
2020-03-15,9 ,3 ,41 ,1 ,1 ,-,1 ,1 ,11 ,-,3 ,-,-,-,4 ,-,-,1 
2020-03-16,6 ,1 ,35 ,1 ,-,-,-,1 ,20 ,-,-,-,-,-,7 ,-,-,3 
2020-03-17,12 ,-,32 ,1 ,-,-,-,-,31 ,-,-,-,-,-,5 ,1 ,-,2 
2020-03-18,5 ,-,46 ,1 ,1 ,-,2 ,1 ,15 ,1 ,1 ,3 ,2 ,1 ,9 ,-,-,5 
2020-03-19,12 ,-,97 ,-,-,-,6 ,-,18 ,-,1 ,-,1 ,-,12 ,-,-,5 
2020-03-20,17 ,1 ,34 ,4 ,1 ,-,-,-,14 ,-,-,1 ,-,-,13 ,1 ,-,1 
2020-03-21,15 ,-,69 ,4 ,-,-,-,-,12 ,-,1 ,-,-,-,40 ,-,-,6 
2020-03-22,10 ,-,43 ,-,1 ,2 ,-,-,16 ,-,1 ,1 ,-,1 ,11 ,1 ,-,11 
2020-03-23,6 ,1 ,24 ,-,-,-,-,1 ,14 ,-,2 ,-,-,-,2 ,1 ,-,13 
2020-03-24,4 ,2 ,31 ,1 ,-,-,-,-,15 ,-,1 ,-,-,-,1 ,1 ,-,20 
2020-03-25,13 ,1 ,14 ,1 ,-,-,1 ,2 ,21 ,1 ,-,3 ,-,2 ,5 ,-,2 ,34 
2020-03-26,13 ,-,26 ,1 ,-,6 ,-,-,14 ,-,1 ,1 ,-,-,12 ,-,-,30 
2020-03-27,12 ,1 ,34 ,3 ,1 ,1 ,2 ,-,11 ,-,2 ,-,-,-,9 ,1 ,1 ,13 
2020-03-28,18 ,1 ,71 ,5 ,-,-,-,-,21 ,1 ,-,2 ,-,-,2 ,-,1 ,24 
2020-03-29,20 ,3 ,23 ,7 ,-,3 ,-,2 ,15 ,2 ,-,1 ,2 ,1 ,2 ,3 ,-,21 
2020-03-30,16 ,1 ,14 ,-,-,-,-,-,15 ,2 ,3 ,-,1 ,-,11 ,1 ,1 ,13 
2020-03-31,24 ,1 ,60 ,6 ,-,2 ,-,-,13 ,-,-,1 ,-,-,2 ,1 ,-,15 
2020-04-01,24 ,3 ,20 ,5 ,4 ,-,-,-,22 ,2 ,-,3 ,1 ,3 ,2 ,4 ,-,8 
2020-04-02,14 ,-,21 ,4 ,1 ,-,1 ,-,18 ,1 ,-,2 ,-,2 ,2 ,6 ,-,17 
2020-04-03,18 ,-,9 ,1 ,1 ,-,-,-,23 ,2 ,1 ,1 ,1 ,1 ,5 ,1 ,-,22 
2020-04-04,22 ,-,27 ,3 ,-,-,-,-,23 ,1 ,-,1 ,-,-,1 ,1 ,-,15 
2020-04-05,24 ,-,7 ,2 ,1 ,1 ,-,-,10 ,3 ,-,-,1 ,-,4 ,1 ,3 ,24 
2020-04-06,11 ,-,13 ,1 ,-,2 ,-,-,8 ,-,-,1 ,-,-,2 ,2 ,-,7 
2020-04-07,4 ,1 ,13 ,-,-,-,-,-,10 ,2 ,-,1 ,-,-,1 ,1 ,-,14 
2020-04-08,11 ,2 ,9 ,4 ,-,-,-,-,6 ,2 ,-,-,1 ,-,3 ,1 ,-,14 
2020-04-09,12 ,-,4 ,-,-,-,-,-,10 ,-,-,1 ,-,-,-,2 ,-,10 
2020-04-10,5 ,1 ,-,1 ,-,-,-,-,9 ,-,-,-,-,-,7 ,-,-,4 
2020-04-11,4 ,-,7 ,-,-,-,1 ,-,9 ,-,-,-,-,-,3 ,-,-,6 
2020-04-12,3 ,-,2 ,1 ,-,-,-,-,4 ,-,-,1 ,-,-,3 ,-,-,18 
2020-04-13,8 ,-,3 ,1 ,-,-,-,-,3 ,-,-,-,-,-,4 ,-,-,6 
2020-04-14,2 ,-,3 ,1 ,-,-,1 ,-,8 ,-,-,-,-,-,5 ,-,-,7 
2020-04-15,5 ,1 ,1 ,-,1 ,-,-,-,6 ,2 ,-,-,-,-,6 ,-,1 ,4 
2020-04-16,2 ,3 ,4 ,-,-,-,-,-,4 ,1 ,-,-,-,-,4 ,-,-,4 
2020-04-17,2 ,-,-,1 ,2 ,-,-,-,1 ,-,-,-,-,-,4 ,1 ,-,11 
2020-04-18,1 ,-,3 ,1 ,-,-,-,-,4 ,1 ,-,2 ,-,-,2 ,-,-,4 
2020-04-19,2 ,-,2 ,1 ,-,-,-,-,-,-,-,-,-,-,1 ,-,-,2 
2020-04-20,-,2 ,1 ,1 ,-,-,1 ,-,2 ,-,-,-,-,-,2 ,-,-,4 
2020-04-21,2 ,-,2 ,-,-,-,-,-,2 ,-,-,-,-,-,-,-,-,3 
2020-04-22,2 ,2 ,1 ,-,-,1 ,-,-,-,-,-,-,-,-,2 ,1 ,-,2 
2020-04-23,-,1 ,4 ,-,-,-,-,-,1 ,-,-,-,-,-,-,-,-,2 
2020-04-24,-,1 ,3 ,-,-,-,-,-,1 ,-,-,-,-,-,-,-,-,1 
2020-04-25,1 ,-,2 ,-,-,-,-,-,2 ,-,-,-,-,-,1 ,-,-,4 
2020-04-26,-,1 ,1 ,-,-,-,-,-,6 ,-,-,-,1 ,-,-,-,-,1 
2020-04-27,-,-,1 ,-,-,-,-,-,3 ,-,-,1 ,-,-,-,-,-,5 
2020-04-28,4 ,-,2 ,1 ,-,-,-,-,3 ,-,-,-,-,-,1 ,-,-,3 
2020-04-29,-,-,3 ,-,-,-,-,-,2 ,-,-,1 ,-,-,-,-,-,3 
2020-04-30,-,-,-,-,-,-,-,-,-,-,-,-,-,-,-,-,-,4 
2020-05-01,1 ,-,-,1 ,-,-,-,-,2 ,-,-,-,-,-,1 ,-,-,4 
2020-05-02,1 ,1 ,-,1 ,-,-,-,-,-,-,-,-,-,-,-,-,-,3 
2020-05-03,2 ,-,4 ,-,-,-,-,-,2 ,-,-,-,-,-,-,-,-,5 
2020-05-04,-,-,-,1 ,-,-,1 ,-,1 ,-,-,-,-,1 ,-,-,-,4 
2020-05-05,-,-,-,1 ,-,-,-,-,-,-,-,-,-,-,-,-,-,2 
2020-05-06,-,-,-,-,-,-,-,-,-,-,-,-,-,-,-,-,-,2 
2020-05-07,-,-,-,-,-,1 ,-,-,1 ,-,1 ,-,-,-,-,-,-,1 
2020-05-08,-,2 ,3 ,-,-,-,-,-,2 ,-,1 ,-,1 ,-,-,-,-,3 
2020-05-09,12 ,1 ,-,1 ,-,-,-,-,4 ,-,-,-,-,-,-,-,-,-
2020-05-10,14 ,-,2 ,3 ,-,-,-,-,6 ,-,2 ,-,-,-,-,-,1 ,6 
2020-05-11,21 ,-,-,3 ,-,-,-,1 ,3 ,1 ,3 ,-,-,-,-,-,-,3 
2020-05-12,12 ,-,1 ,1 ,-,2 ,-,-,8 ,-,-,-,-,-,1 ,1 ,-,1 
2020-05-13,11 ,3 ,3 ,2 ,-,-,1 ,-,3 ,-,-,-,1 ,-,-,1 ,-,1 
2020-05-14,4 ,-,-,12 ,-,-,-,-,6 ,1 ,3 ,1 ,-,1 ,1 ,-,-,-
2020-05-15,14 ,-,3 ,5 ,-,-,-,-,3 ,-,-,-,-,1 ,-,-,-,1 
2020-05-16,5 ,-,1 ,-,-,-,-,-,4 ,-,1 ,-,-,-,-,-,-,8 
2020-05-17,5 ,-,1 ,-,-,1 ,-,-,-,-,-,-,-,-,-,2 ,-,4 
2020-05-18,1 ,-,1 ,-,-,-,-,-,3 ,-,3 ,-,-,-,-,-,-,7 
2020-05-19,6 ,-,-,2 ,-,-,4 ,-,1 ,-,-,-,-,-,-,-,-,-
2020-05-20,10 ,-,1 ,8 ,-,-,-,-,10 ,-,-,-,1 ,-,-,-,-,2 
2020-05-21,4 ,-,-,6 ,-,-,-,-,-,-,-,1 ,-,-,-,-,-,1 
2020-05-22,2 ,-,-,1 ,-,-,1 ,-,6 ,-,-,-,-,-,2 ,1 ,-,7 
2020-05-23,4 ,-,1 ,-,-,1 ,-,-,13 ,-,-,-,-,-,-,1 ,-,3 
2020-05-24,6 ,-,-,2 ,-,-,-,-,6 ,1 ,-,-,-,-,6 ,-,-,4 
2020-05-25,6 ,-,1 ,1 ,-,-,-,-,6 ,-,-,-,-,-,1 ,-,-,1 
2020-05-26,9 ,-,1 ,3 ,-,-,-,-,2 ,-,1 ,-,-,-,1 ,-,-,2 
2020-05-27,19 ,-,3 ,11 ,-,-,-,-,6 ,-,-,-,-,-,-,-,-,1 
2020-05-28,24 ,1 ,2 ,22 ,-,-,-,-,21 ,-,-,1 ,-,-,1 ,-,-,7 
2020-05-29,20 ,-,-,18 ,-,-,-,-,20 ,-,-,-,-,-,-,-,-,-
2020-05-30,9 ,1 ,2 ,5 ,2 ,-,-,-,13 ,1 ,-,-,-,1 ,-,-,-,5 
2020-05-31,6 ,1 ,1 ,3 ,-,1 ,2 ,-,12 ,-,-,-,-,-,-,-,1 ,-
2020-06-01,1 ,-,1 ,18 ,-,-,-,-,12 ,-,-,-,-,1 ,-,-,-,2 
2020-06-02,14 ,-,-,9 ,-,-,-,-,14 ,-,-,-,-,-,-,-,-,1 
2020-06-03,19 ,-,1 ,16 ,-,-,-,-,13 ,-,-,-,-,-,-,-,-,-
2020-06-04,14 ,-,-,7 ,-,-,-,-,15 ,-,-,-,-,-,1 ,-,-,2 
2020-06-05,15 ,-,1 ,6 ,-,-,-,-,13 ,-,-,1 ,-,-,2 ,-,-,1 
2020-06-06,23 ,-,-,11 ,-,-,-,-,8 ,1 ,-,1 ,-,-,1 ,1 ,-,5 
2020-06-07,27 ,-,1 ,6 ,-,-,1 ,-,19 ,-,1 ,-,-,-,-,-,-,2 
2020-06-08,21 ,-,1 ,4 ,-,-,-,-,8 ,-,-,-,-,-,-,-,-,3 
2020-06-09,19 ,-,-,3 ,-,-,-,-,13 ,-,-,2 ,-,-,-,1 ,-,-
2020-06-10,12 ,-,-,8 ,-,-,-,-,21 ,1 ,-,-,-,-,-,2 ,-,6 
2020-06-11,21 ,-,-,6 ,-,-,-,-,16 ,-,-,-,-,-,-,-,-,2 
2020-06-12,25 ,-,1 ,1 ,-,-,-,-,19 ,-,-,-,-,-,-,-,-,10 
2020-06-13,29 ,-,3 ,1 ,-,-,-,-,14 ,-,-,-,-,-,-,-,-,1 
2020-06-14,12 ,-,2 ,8 ,-,-,-,-,10 ,1 ,-,-,-,-,-,-,-,1 
2020-06-15,7 ,-,-,8 ,-,-,-,-,10 ,-,-,2 ,-,-,-,3 ,-,7 
2020-06-16,12 ,1 ,-,2 ,-,3 ,-,-,5 ,-,-,-,-,-,-,2 ,-,9 
2020-06-17,13 ,-,1 ,2 ,-,5 ,-,-,13 ,-,-,1 ,-,-,-,-,1 ,7 
2020-06-18,25 ,-,1 ,1 ,-,7 ,-,1 ,16 ,-,-,3 ,1 ,-,-,-,-,4 
2020-06-19,18 ,-,-,-,-,6 ,-,-,11 ,-,-,-,-,-,-,-,3 ,11 
2020-06-20,14 ,2 ,2 ,5 ,-,5 ,-,-,17 ,-,-,2 ,1 ,-,1 ,-,-,18 
2020-06-21,17 ,-,1 ,-,1 ,10 ,-,1 ,10 ,2 ,-,1 ,-,-,-,1 ,-,4 
2020-06-22,5 ,-,1 ,1 ,-,-,-,-,6 ,-,-,2 ,1 ,-,1 ,-,-,-
2020-06-23,6 ,-,1 ,1 ,-,4 ,-,-,7 ,-,1 ,-,-,-,-,-,-,26 
2020-06-24,11 ,2 ,2 ,3 ,-,8 ,2 ,-,7 ,1 ,-,1 ,1 ,-,1 ,-,-,12 
2020-06-25,9 ,-,-,1 ,-,4 ,-,-,9 ,-,-,1 ,-,-,-,-,-,4 
2020-06-26,17 ,-,-,2 ,-,4 ,-,-,4 ,1 ,-,3 ,-,-,1 ,-,-,7 
2020-06-27,17 ,-,1 ,1 ,-,2 ,-,-,17 ,-,1 ,-,1 ,-,-,-,-,11 
2020-06-28,14 ,-,-,-,4 ,6 ,-,-,17 ,-,1 ,1 ,-,3 ,-,-,-,16 
2020-06-29,7 ,1 ,2 ,1 ,4 ,2 ,-,-,16 ,-,-,-,1 ,1 ,1 ,1 ,-,5 
2020-06-30,7 ,1 ,-,3 ,3 ,5 ,-,1 ,7 ,1 ,-,-,-,-,1 ,-,-,13 
2020-07-01,9 ,-,1 ,2 ,12 ,4 ,-,-,16 ,-,-,1 ,-,1 ,-,-,-,5 
2020-07-02,13 ,-,3 ,-,22 ,1 ,-,-,10 ,-,-,3 ,-,-,-,-,-,2 
2020-07-03,12 ,-,11 ,1 ,6 ,4 ,-,-,18 ,-,-,1 ,1 ,-,1 ,2 ,-,4 
2020-07-04,7 ,1 ,1 ,2 ,8 ,3 ,-,-,19 ,-,2 ,-,-,-,1 ,1 ,-,18 
2020-07-05,16 ,-,-,-,16 ,8 ,-,-,8 ,1 ,-,-,1 ,-,1 ,-,1 ,9 
2020-07-06,3 ,1 ,2 ,6 ,7 ,2 ,-,-,6 ,1 ,-,1 ,-,2 ,1 ,1 ,-,15 
2020-07-07,3 ,-,1 ,2 ,6 ,2 ,-,-,13 ,-,-,-,1 ,-,-,-,-,16 
2020-07-08,10 ,-,1 ,1 ,8 ,2 ,-,-,18 ,-,-,6 ,2 ,1 ,-,2 ,-,11 
2020-07-09,8 ,-,-,3 ,15 ,6 ,-,-,8 ,-,-,1 ,1 ,1 ,-,2 ,-,5 
2020-07-10,8 ,-,-,1 ,3 ,7 ,-,-,14 ,-,2 ,-,-,3 ,-,3 ,-,4 
2020-07-11,8 ,-,-,1 ,9 ,2 ,-,-,4 ,-,-,1 ,2 ,-,-,-,-,8 
2020-07-12,7 ,-,-,-,5 ,1 ,-,-,17 ,-,-,-,1 ,-,-,1 ,-,12 
2020-07-13,13 ,-,1 ,3 ,7 ,-,-,-,11 ,2 ,1 ,4 ,-,-,-,2 ,-,18 
2020-07-14,7 ,-,-,-,1 ,1 ,-,-,9 ,-,1 ,-,2 ,-,-,-,-,12 
2020-07-15,6 ,-,-,1 ,1 ,3 ,-,-,5 ,-,-,-,-,-,-,-,-,23 
2020-07-16,7 ,-,2 ,3 ,1 ,1 ,1 ,-,21 ,3 ,1 ,-,-,-,-,1 ,-,20 
2020-07-17,9 ,-,-,-,5 ,1 ,-,-,15 ,-,-,-,-,-,-,2 ,3 ,25 
2020-07-18,6 ,1 ,3 ,2 ,-,-,1 ,-,10 ,-,-,-,-,1 ,-,2 ,1 ,12 
2020-07-19,10 ,-,-,1 ,10 ,1 ,-,-,4 ,-,-,-,-,-,-,-,1 ,7 
2020-07-20,3 ,-,2 ,2 ,1 ,-,-,-,1 ,-,-,1 ,1 ,2 ,1 ,2 ,-,10 
2020-07-21,21 ,-,2 ,-,-,-,-,-,2 ,-,-,-,-,-,1 ,-,1 ,18 
2020-07-22,16 ,-,1 ,5 ,4 ,-,-,-,15 ,-,1 ,1 ,-,-,-,1 ,-,19 
2020-07-23,12 ,2 ,-,3 ,9 ,-,-,-,28 ,-,-,-,-,-,-,-,-,5 
2020-07-24,21 ,2 ,2 ,-,2 ,-,-,-,8 ,-,-,-,-,-,1 ,2 ,-,3 
2020-07-25,11 ,5 ,-,-,-,-,1 ,-,14 ,-,-,-,-,1 ,-,-,-,81 
2020-07-26,7 ,1 ,-,-,1 ,-,-,-,7 ,-,-,-,-,-,-,-,-,42 
2020-07-27,9 ,1 ,-,-,-,-,-,-,6 ,-,1 ,1 ,-,-,-,-,-,7 
2020-07-28,6 ,2 ,-,-,-,-,-,-,6 ,-,-,1 ,-,2 ,1 ,-,-,10 
2020-07-29,9 ,1 ,-,3 ,1 ,-,1 ,-,11 ,-,-,-,-,-,1 ,-,-,21 
2020-07-30,3 ,-,-,-,-,-,-,-,5 ,-,-,-,-,-,1 ,1 ,-,8 
2020-07-31,8 ,-,1 ,-,-,-,-,-,10 ,2 ,-,1 ,-,-,2 ,-,-,12 
2020-08-01,2 ,1 ,-,1 ,-,-,-,-,7 ,-,-,-,-,-,1 ,-,-,19 
2020-08-02,5 ,1 ,2 ,-,1 ,-,-,-,3 ,-,-,-,-,-,1 ,-,-,17 
2020-08-03,5 ,-,-,-,-,-,-,-,1 ,-,-,-,-,-,1 ,2 ,-,14 
2020-08-04,9 ,1 ,-,1 ,2 ,-,-,-,11 ,-,1 ,-,-,1 ,1 ,-,-,7 
2020-08-05,6 ,-,1 ,1 ,1 ,-,-,-,7 ,1 ,6 ,-,-,-,-,4 ,-,6 
2020-08-06,9 ,3 ,-,-,-,-,-,-,13 ,2 ,1 ,2 ,-,2 ,4 ,1 ,-,6 
2020-08-07,9 ,-,-,-,-,-,-,-,5 ,-,-,-,-,-,1 ,-,-,5 
2020-08-08,17 ,-,1 ,2 ,-,-,-,-,18 ,-,-,-,-,-,-,-,-,5 
2020-08-09,13 ,-,1 ,1 ,2 ,-,1 ,-,15 ,-,1 ,1 ,-,-,-,-,-,1 
2020-08-10,13 ,1 ,-,-,-,-,-,-,6 ,-,-,-,-,1 ,1 ,-,-,6 
2020-08-11,6 ,9 ,-,-,-,-,-,-,13 ,-,-,2 ,1 ,-,-,-,-,3 
2020-08-12,15 ,4 ,-,-,6 ,1 ,-,-,19 ,-,-,1 ,-,-,-,-,-,8 
2020-08-13,26 ,2 ,1 ,-,2 ,-,1 ,-,17 ,-,-,1 ,2 ,-,-,1 ,-,3 
2020-08-14,32 ,5 ,-,4 ,2 ,-,1 ,-,47 ,1 ,-,3 ,-,-,1 ,-,-,7 
2020-08-15,74 ,3 ,-,6 ,1 ,1 ,-,-,72 ,3 ,-,2 ,1 ,-,-,1 ,-,2 
2020-08-16,146 ,7 ,1 ,9 ,7 ,-,3 ,-,98 ,-,1 ,5 ,-,-,-,2 ,-,-
2020-08-17,90 ,7 ,1 ,7 ,7 ,2 ,-,-,70 ,1 ,3 ,4 ,1 ,-,2 ,-,-,2 
2020-08-18,132 ,7 ,6 ,18 ,4 ,-,3 ,-,52 ,2 ,1 ,5 ,7 ,-,3 ,-,-,6 
2020-08-19,151 ,9 ,2 ,8 ,6 ,-,-,2 ,99 ,6 ,2 ,3 ,1 ,2 ,3 ,1 ,-,2 
2020-08-20,135 ,15 ,3 ,10 ,1 ,8 ,-,1 ,85 ,5 ,1 ,5 ,6 ,3 ,5 ,3 ,-,2 
2020-08-21,126 ,8 ,4 ,18 ,5 ,7 ,1 ,3 ,103 ,9 ,3 ,13 ,5 ,6 ,6 ,4 ,-,3 
2020-08-22,129 ,3 ,9 ,21 ,11 ,5 ,3 ,1 ,95 ,16 ,2 ,7 ,4 ,7 ,4 ,9 ,2 ,4 
2020-08-23,140 ,2 ,6 ,32 ,17 ,15 ,3 ,-,124 ,15 ,3 ,10 ,-,14 ,2 ,9 ,-,4 
2020-08-24,97 ,3 ,-,20 ,1 ,10 ,1 ,3 ,85 ,6 ,10 ,8 ,4 ,7 ,6 ,1 ,-,4 
2020-08-25,135 ,3 ,5 ,14 ,4 ,11 ,-,3 ,72 ,8 ,2 ,9 ,4 ,1 ,1 ,2 ,3 ,3 
2020-08-26,111 ,4 ,3 ,27 ,7 ,7 ,2 ,-,99 ,18 ,-,12 ,7 ,13 ,-,5 ,2 ,3 
2020-08-27,154 ,8 ,13 ,59 ,39 ,3 ,2 ,-,102 ,14 ,1 ,15 ,2 ,13 ,4 ,8 ,1 ,3 
2020-08-28,146 ,8 ,8 ,27 ,17 ,3 ,1 ,2 ,113 ,3 ,5 ,9 ,2 ,12 ,1 ,4 ,2 ,8 
2020-08-29,125 ,6 ,6 ,20 ,16 ,4 ,-,-,104 ,-,6 ,8 ,-,9 ,1 ,12 ,1 ,5 
2020-08-30,116 ,6 ,30 ,13 ,2 ,6 ,3 ,1 ,80 ,2 ,5 ,8 ,-,8 ,3 ,7 ,2 ,7 
2020-08-31,94 ,4 ,4 ,14 ,9 ,7 ,5 ,1 ,79 ,3 ,1 ,9 ,1 ,5 ,2 ,1 ,6 ,3 
2020-09-01,94 ,3 ,2 ,22 ,4 ,8 ,6 ,-,63 ,4 ,1 ,7 ,-,4 ,9 ,3 ,1 ,4 
2020-09-02,101 ,7 ,13 ,11 ,10 ,14 ,5 ,-,84 ,2 ,1 ,7 ,-,3 ,4 ,1 ,1 ,3 
2020-09-03,69 ,4 ,3 ,16 ,6 ,4 ,8 ,-,64 ,4 ,1 ,7 ,-,6 ,-,-,-,3 
2020-09-04,68 ,4 ,7 ,5 ,11 ,4 ,3 ,-,56 ,3 ,4 ,21 ,-,1 ,4 ,3 ,-,4 
2020-09-05,51 ,10 ,5 ,14 ,8 ,2 ,1 ,-,50 ,3 ,4 ,4 ,2 ,-,1 ,8 ,1 ,4 
2020-09-06,63 ,2 ,5 ,12 ,7 ,5 ,1 ,-,47 ,5 ,2 ,2 ,1 ,3 ,2 ,6 ,-,4 
2020-09-07,48 ,9 ,2 ,1 ,9 ,5 ,3 ,-,31 ,-,-,3 ,1 ,-,-,3 ,-,4 
2020-09-08,67 ,1 ,2 ,2 ,13 ,4 ,3 ,1 ,31 ,-,1 ,-,3 ,1 ,3 ,-,-,4 
2020-09-09,49 ,2 ,2 ,1 ,17 ,8 ,4 ,2 ,55 ,-,1 ,8 ,1 ,1 ,-,1 ,-,4 
2020-09-10,48 ,1 ,1 ,5 ,5 ,11 ,4 ,-,50 ,2 ,3 ,12 ,1 ,2 ,3 ,1 ,2 ,4 
2020-09-11,63 ,3 ,1 ,8 ,8 ,11 ,5 ,-,47 ,-,1 ,14 ,-,2 ,2 ,-,2 ,9 
2020-09-12,50 ,4 ,4 ,8 ,3 ,7 ,1 ,-,32 ,3 ,-,6 ,1 ,1 ,2 ,3 ,1 ,10 
2020-09-13,31 ,3 ,14 ,3 ,3 ,2 ,7 ,-,32 ,1 ,-,11 ,2 ,-,2 ,3 ,-,7 
2020-09-14,41 ,3 ,4 ,10 ,3 ,1 ,1 ,-,30 ,-,-,8 ,1 ,-,1 ,1 ,-,5 
2020-09-15,32 ,4 ,-,9 ,1 ,3 ,-,-,39 ,1 ,2 ,3 ,1 ,-,1 ,2 ,3 ,5 
2020-09-16,51 ,4 ,4 ,9 ,2 ,1 ,-,-,26 ,-,2 ,2 ,5 ,-,2 ,3 ,-,2 
2020-09-17,64 ,2 ,2 ,7 ,1 ,1 ,-,-,54 ,-,-,10 ,-,1 ,6 ,3 ,-,2 
2020-09-18,46 ,2 ,2 ,6 ,-,3 ,-,-,37 ,-,3 ,6 ,8 ,-,5 ,4 ,2 ,2 
2020-09-19,40 ,2 ,2 ,11 ,-,2 ,-,-,41 ,-,1 ,4 ,1 ,-,4 ,1 ,-,1 
2020-09-20,28 ,6 ,2 ,3 ,-,2 ,1 ,-,26 ,-,1 ,1 ,-,-,5 ,1 ,-,6 
2020-09-21,23 ,8 ,1 ,2 ,1 ,2 ,-,-,18 ,-,2 ,-,-,-,1 ,2 ,-,10 
2020-09-22,21 ,5 ,-,2 ,-,-,1 ,1 ,20 ,2 ,2 ,-,-,-,4 ,1 ,-,2 
2020-09-23,40 ,7 ,3 ,5 ,2 ,-,2 ,-,30 ,1 ,2 ,5 ,1 ,-,6 ,-,-,6 
2020-09-24,39 ,7 ,1 ,10 ,-,1 ,-,3 ,48 ,2 ,2 ,1 ,1 ,1 ,2 ,1 ,1 ,5 
2020-09-25,57 ,3 ,-,3 ,2 ,-,-,1 ,27 ,1 ,3 ,1 ,3 ,-,6 ,1 ,-,6 
2020-09-26,26 ,2 ,1 ,1 ,-,1 ,-,-,14 ,-,-,-,3 ,-,3 ,1 ,-,9 
2020-09-27,34 ,3 ,-,9 ,2 ,-,-,1 ,21 ,-,2 ,2 ,2 ,1 ,6 ,1 ,-,11 
2020-09-28,19 ,1 ,-,1 ,-,-,1 ,-,14 ,1 ,1 ,-,-,-,4 ,1 ,-,7 
2020-09-29,11 ,3 ,-,-,-,-,-,-,10 ,-,1 ,2 ,-,-,2 ,-,-,9 
2020-09-30,51 ,5 ,2 ,4 ,3 ,2 ,1 ,-,26 ,-,-,5 ,3 ,-,6 ,-,-,5 
2020-10-01,30 ,6 ,1 ,3 ,-,-,-,-,21 ,-,1 ,3 ,-,1 ,5 ,-,-,6 
2020-10-02,11 ,18 ,-,4 ,-,-,-,-,19 ,-,-,1 ,-,-,4 ,-,-,6 
2020-10-03,26 ,8 ,-,7 ,-,2 ,-,-,10 ,-,1 ,1 ,1 ,3 ,2 ,-,-,14 
2020-10-04,16 ,5 ,2 ,6 ,1 ,2 ,1 ,-,16 ,-,2 ,-,-,-,4 ,-,-,9 
2020-10-05,19 ,5 ,1 ,5 ,-,1 ,4 ,1 ,27 ,-,1 ,2 ,3 ,-,1 ,1 ,-,2 
2020-10-06,15 ,3 ,-,4 ,-,3 ,1 ,-,35 ,-,-,-,9 ,-,-,-,-,5 
2020-10-07,33 ,2 ,1 ,6 ,-,2 ,1 ,1 ,53 ,-,-,-,8 ,-,-,-,-,7 
2020-10-08,20 ,5 ,-,5 ,-,7 ,-,-,24 ,-,1 ,-,-,-,1 ,3 ,-,3 
2020-10-09,22 ,5 ,1 ,-,-,5 ,-,-,12 ,-,1 ,-,-,1 ,-,1 ,-,6 
2020-10-10,25 ,3 ,1 ,8 ,-,1 ,-,-,24 ,-,-,3 ,-,2 ,-,-,-,5 
2020-10-11,23 ,3 ,1 ,1 ,-,2 ,1 ,-,21 ,2 ,-,1 ,-,-,-,-,-,3 
2020-10-12,31 ,4 ,-,3 ,1 ,13 ,-,-,30 ,1 ,-,2 ,2 ,-,1 ,1 ,-,9 
2020-10-13,20 ,1 ,1 ,-,2 ,10 ,-,-,38 ,4 ,1 ,2 ,1 ,-,1 ,-,-,10 
2020-10-14,23 ,2 ,-,8 ,-,4 ,1 ,-,31 ,-,-,1 ,-,-,-,-,-,14 
2020-10-15,25 ,55 ,-,11 ,-,1 ,-,-,8 ,1 ,1 ,-,1 ,-,1 ,-,-,6 
2020-10-16,18 ,-,-,4 ,-,2 ,-,-,17 ,-,-,1 ,2 ,-,-,-,-,3 
2020-10-17,18 ,6 ,1 ,2 ,1 ,-,-,-,32 ,3 ,-,2 ,-,1 ,-,2 ,-,5 
2020-10-18,20 ,4 ,-,1 ,-,1 ,-,-,50 ,2 ,-,-,-,-,-,-,-,13 
2020-10-19,14 ,15 ,-,5 ,2 ,2 ,-,-,18 ,1 ,1 ,2 ,1 ,-,2 ,1 ,-,12 
2020-10-20,11 ,2 ,-,3 ,-,1 ,-,-,28 ,3 ,2 ,2 ,-,-,2 ,1 ,-,3 
2020-10-21,17 ,10 ,-,6 ,1 ,4 ,1 ,-,24 ,2 ,1 ,-,-,1 ,2 ,-,-,20 
2020-10-22,18 ,5 ,2 ,4 ,-,-,-,-,67 ,2 ,-,11 ,2 ,-,1 ,-,-,9 
2020-10-23,20 ,-,5 ,5 ,6 ,-,-,-,103 ,1 ,-,4 ,2 ,1 ,-,-,-,8 
2020-10-24,22 ,-,-,2 ,-,5 ,-,-,35 ,-,-,5 ,-,2 ,-,-,-,6 
2020-10-25,17 ,1 ,1 ,-,-,1 ,1 ,-,27 ,-,-,2 ,-,-,-,2 ,-,9 
2020-10-26,20 ,-,-,3 ,-,1 ,1 ,1 ,67 ,-,2 ,1 ,-,-,3 ,3 ,-,17 
2020-10-27,24 ,1 ,-,2 ,-,5 ,-,-,35 ,6 ,1 ,1 ,-,3 ,-,5 ,-,5 
2020-10-28,25 ,-,2 ,10 ,-,7 ,-,-,31 ,14 ,-,1 ,3 ,-,5 ,3 ,-,2 
2020-10-29,36 ,-,3 ,5 ,2 ,-,2 ,-,58 ,7 ,-,1 ,1 ,-,1 ,-,-,9 
2020-10-30,47 ,-,10 ,3 ,-,-,2 ,-,32 ,6 ,2 ,3 ,2 ,1 ,-,1 ,-,4 
2020-10-31,52 ,2 ,9 ,3 ,-,-,-,3 ,27 ,-,-,5 ,-,-,-,1 ,-,25 
2020-11-01,45 ,-,2 ,4 ,3 ,-,-,-,38 ,3 ,1 ,9 ,-,3 ,-,2 ,-,14 
2020-11-02,25 ,-,3 ,2 ,-,-,1 ,-,41 ,1 ,2 ,11 ,-,2 ,1 ,1 ,-,7 
2020-11-03,22 ,1 ,-,1 ,2 ,-,-,-,27 ,1 ,1 ,7 ,-,-,-,1 ,-,12 
2020-11-04,42 ,1 ,2 ,4 ,-,1 ,1 ,-,43 ,-,-,10 ,-,-,2 ,-,1 ,10 
2020-11-05,50 ,4 ,2 ,5 ,-,-,-,-,27 ,1 ,2 ,23 ,-,-,-,5 ,-,6 
2020-11-06,40 ,-,-,-,-,-,-,-,47 ,7 ,-,25 ,1 ,-,1 ,13 ,-,11 
2020-11-07,37 ,2 ,1 ,1 ,-,1 ,-,-,21 ,4 ,-,9 ,-,-,-,5 ,-,8 
2020-11-08,54 ,-,7 ,3 ,2 ,1 ,1 ,-,25 ,9 ,2 ,9 ,-,4 ,2 ,10 ,-,14 
2020-11-09,46 ,2 ,6 ,2 ,1 ,-,-,-,22 ,11 ,4 ,10 ,4 ,2 ,1 ,4 ,-,11 
2020-11-10,35 ,1 ,1 ,3 ,5 ,-,-,-,33 ,3 ,2 ,4 ,-,2 ,1 ,2 ,-,8 
2020-11-11,45 ,3 ,-,1 ,4 ,1 ,-,-,53 ,9 ,2 ,7 ,1 ,1 ,-,11 ,-,7 
2020-11-12,53 ,2 ,3 ,2 ,6 ,2 ,1 ,-,35 ,6 ,1 ,9 ,-,8 ,1 ,4 ,1 ,9 
2020-11-13,74 ,-,1 ,4 ,5 ,-,-,1 ,47 ,23 ,1 ,8 ,-,9 ,-,3 ,1 ,14 
2020-11-14,69 ,4 ,-,1 ,8 ,2 ,-,1 ,49 ,18 ,-,11 ,4 ,13 ,-,4 ,-,21 
2020-11-15,85 ,-,1 ,2 ,9 ,-,-,-,45 ,19 ,8 ,5 ,2 ,9 ,2 ,3 ,-,18 
2020-11-16,80 ,-,-,10 ,4 ,3 ,-,1 ,42 ,20 ,3 ,6 ,1 ,10 ,14 ,4 ,1 ,23 
2020-11-17,90 ,-,3 ,13 ,18 ,1 ,-,1 ,52 ,13 ,-,9 ,-,16 ,3 ,3 ,-,8 
2020-11-18,92 ,5 ,2 ,12 ,9 ,1 ,3 ,-,87 ,5 ,-,7 ,-,15 ,16 ,9 ,-,22 
2020-11-19,109 ,5 ,2 ,12 ,8 ,1 ,-,-,64 ,20 ,4 ,13 ,2 ,28 ,8 ,28 ,-,21 
2020-11-20,132 ,2 ,1 ,30 ,4 ,-,-,-,73 ,24 ,2 ,15 ,13 ,14 ,10 ,18 ,2 ,8 
2020-11-21,156 ,7 ,1 ,22 ,7 ,1 ,1 ,-,93 ,15 ,1 ,21 ,14 ,19 ,8 ,11 ,-,9 
2020-11-22,121 ,1 ,1 ,27 ,8 ,-,1 ,-,75 ,13 ,-,13 ,12 ,13 ,6 ,19 ,-,20 
2020-11-23,112 ,5 ,2 ,23 ,1 ,3 ,1 ,1 ,76 ,12 ,-,9 ,9 ,5 ,4 ,2 ,1 ,5 
2020-11-24,133 ,6 ,3 ,17 ,3 ,-,2 ,2 ,81 ,46 ,3 ,8 ,15 ,7 ,9 ,3 ,1 ,10 
2020-11-25,142 ,18 ,5 ,40 ,14 ,4 ,3 ,-,82 ,13 ,3 ,18 ,8 ,8 ,3 ,11 ,3 ,7 
2020-11-26,212 ,22 ,1 ,18 ,14 ,1 ,7 ,4 ,183 ,8 ,8 ,16 ,16 ,9 ,2 ,45 ,3 ,12 
2020-11-27,204 ,24 ,-,25 ,13 ,5 ,7 ,3 ,117 ,9 ,20 ,31 ,24 ,11 ,3 ,39 ,3 ,17 
2020-11-28,178 ,28 ,1 ,25 ,16 ,13 ,3 ,-,125 ,33 ,24 ,17 ,9 ,7 ,5 ,14 ,2 ,3 
2020-11-29,158 ,22 ,3 ,21 ,8 ,6 ,-,3 ,94 ,19 ,22 ,13 ,17 ,20 ,11 ,15 ,1 ,17 
2020-11-30,159 ,52 ,4 ,34 ,13 ,5 ,3 ,1 ,77 ,8 ,22 ,5 ,16 ,4 ,4 ,20 ,1 ,10 
2020-12-01,155 ,31 ,11 ,16 ,22 ,10 ,3 ,2 ,96 ,9 ,32 ,16 ,9 ,2 ,11 ,11 ,1 ,14 
2020-12-02,193 ,32 ,4 ,23 ,10 ,5 ,10 ,7 ,144 ,12 ,16 ,8 ,26 ,1 ,5 ,7 ,2 ,6 
2020-12-03,262 ,15 ,3 ,22 ,3 ,7 ,2 ,4 ,141 ,8 ,10 ,14 ,9 ,2 ,11 ,13 ,1 ,13 
2020-12-04,295 ,31 ,6 ,17 ,1 ,21 ,5 ,-,160 ,3 ,5 ,23 ,14 ,3 ,9 ,16 ,2 ,17 
2020-12-05,235 ,29 ,7 ,19 ,6 ,10 ,1 ,4 ,157 ,9 ,18 ,10 ,17 ,4 ,17 ,27 ,1 ,6 
2020-12-06,254 ,34 ,3 ,42 ,5 ,3 ,3 ,3 ,184 ,12 ,14 ,15 ,12 ,8 ,11 ,16 ,-,12 
2020-12-07,244 ,35 ,5 ,40 ,5 ,2 ,38 ,-,156 ,9 ,11 ,10 ,22 ,3 ,9 ,16 ,-,10 
2020-12-08,211 ,26 ,4 ,25 ,11 ,11 ,61 ,1 ,157 ,8 ,10 ,15 ,13 ,7 ,5 ,13 ,2 ,7 
2020-12-09,262 ,19 ,2 ,46 ,9 ,10 ,14 ,1 ,219 ,5 ,23 ,4 ,12 ,2 ,4 ,29 ,-,9 
2020-12-10,250 ,31 ,3 ,37 ,5 ,9 ,16 ,1 ,215 ,15 ,12 ,20 ,8 ,5 ,8 ,16 ,13 ,16 
2020-12-11,252 ,26 ,6 ,37 ,3 ,10 ,47 ,-,229 ,11 ,20 ,10 ,7 ,4 ,3 ,12 ,5 ,7 
2020-12-12,362 ,59 ,35 ,42 ,9 ,18 ,23 ,1 ,272 ,36 ,21 ,10 ,6 ,8 ,19 ,17 ,-,12 
2020-12-13,399 ,57 ,28 ,62 ,15 ,13 ,8 ,-,331 ,18 ,15 ,10 ,9 ,6 ,18 ,24 ,3 ,14 
2020-12-14,219 ,21 ,16 ,36 ,22 ,2 ,5 ,3 ,226 ,14 ,21 ,55 ,8 ,1 ,16 ,28 ,8 ,17 
2020-12-15,251 ,41 ,19 ,55 ,5 ,32 ,49 ,1 ,288 ,13 ,25 ,37 ,15 ,1 ,15 ,16 ,9 ,8 
2020-12-16,378 ,41 ,27 ,67 ,2 ,15 ,6 ,-,329 ,8 ,23 ,35 ,75 ,4 ,28 ,19 ,15 ,6 
2020-12-17,423 ,44 ,21 ,80 ,10 ,11 ,10 ,-,291 ,9 ,19 ,19 ,19 ,-,9 ,30 ,12 ,7 
2020-12-18,398 ,39 ,20 ,65 ,4 ,5 ,31 ,-,303 ,18 ,31 ,18 ,16 ,5 ,31 ,44 ,27 ,9 
2020-12-19,380 ,39 ,20 ,46 ,9 ,5 ,9 ,-,274 ,27 ,103 ,24 ,15 ,5 ,29 ,32 ,24 ,4 
2020-12-20,472 ,33 ,25 ,62 ,14 ,3 ,6 ,1 ,249 ,55 ,14 ,20 ,29 ,4 ,25 ,51 ,24 ,9 
2020-12-21,327 ,20 ,21 ,88 ,13 ,3 ,17 ,-,244 ,25 ,33 ,16 ,13 ,9 ,48 ,15 ,23 ,9 
2020-12-22,316 ,26 ,39 ,45 ,26 ,9 ,6 ,1 ,204 ,23 ,31 ,17 ,4 ,5 ,59 ,18 ,19 ,18 
2020-12-23,375 ,32 ,24 ,49 ,36 ,35 ,18 ,1 ,309 ,13 ,58 ,11 ,21 ,12 ,25 ,29 ,33 ,9 
2020-12-24,319 ,44 ,26 ,53 ,15 ,11 ,9 ,2 ,285 ,21 ,47 ,31 ,12 ,2 ,50 ,21 ,26 ,11 
2020-12-25,552 ,22 ,23 ,55 ,36 ,13 ,12 ,1 ,263 ,14 ,42 ,80 ,14 ,5 ,67 ,15 ,20 ,6 
2020-12-26,465 ,27 ,13 ,55 ,28 ,11 ,8 ,1 ,255 ,36 ,38 ,61 ,37 ,6 ,34 ,22 ,24 ,10 
2020-12-27,362 ,40 ,21 ,61 ,17 ,8 ,1 ,6 ,241 ,23 ,24 ,58 ,8 ,5 ,34 ,44 ,7 ,10 
2020-12-28,299 ,34 ,24 ,46 ,12 ,3 ,2 ,2 ,193 ,27 ,31 ,35 ,1 ,7 ,46 ,25 ,11 ,8 
2020-12-29,521 ,17 ,29 ,32 ,15 ,30 ,4 ,4 ,256 ,21 ,22 ,27 ,8 ,4 ,28 ,16 ,5 ,5 
2020-12-30,387 ,39 ,51 ,48 ,9 ,19 ,16 ,2 ,277 ,17 ,45 ,27 ,32 ,1 ,23 ,36 ,10 ,11 
2020-12-31,366 ,74 ,33 ,59 ,8 ,7 ,35 ,-,225 ,36 ,22 ,18 ,12 ,5 ,23 ,22 ,9 ,13 
2021-01-01,357 ,57 ,43 ,65 ,17 ,11 ,43 ,1 ,284 ,30 ,22 ,15 ,8 ,6 ,24 ,35 ,5 ,4 
2021-01-02,250 ,26 ,29 ,71 ,13 ,4 ,17 ,3 ,227 ,31 ,36 ,7 ,11 ,11 ,20 ,37 ,13 ,14 
2021-01-03,198 ,19 ,22 ,48 ,26 ,8 ,7 ,1 ,204 ,33 ,27 ,9 ,5 ,12 ,14 ,12 ,4 ,8 
2021-01-04,329 ,37 ,29 ,103 ,74 ,6 ,5 ,-,268 ,28 ,23 ,23 ,13 ,3 ,25 ,33 ,10 ,11 
2021-01-05,199 ,15 ,32 ,49 ,23 ,8 ,4 ,-,230 ,27 ,32 ,18 ,5 ,4 ,24 ,21 ,8 ,15 
2021-01-06,263 ,38 ,21 ,38 ,30 ,9 ,2 ,1 ,284 ,16 ,21 ,24 ,22 ,1 ,28 ,29 ,5 ,6 
2021-01-07,297 ,23 ,10 ,41 ,28 ,9 ,9 ,3 ,303 ,30 ,14 ,20 ,2 ,1 ,36 ,20 ,9 ,14 
2021-01-08,191 ,24 ,18 ,30 ,21 ,8 ,10 ,-,258 ,11 ,10 ,21 ,8 ,-,30 ,22 ,6 ,6 
2021-01-09,188 ,17 ,13 ,49 ,6 ,5 ,8 ,-,211 ,6 ,30 ,27 ,14 ,5 ,21 ,26 ,5 ,10 
2021-01-10,187 ,34 ,27 ,33 ,21 ,4 ,34 ,-,192 ,20 ,9 ,30 ,6 ,4 ,19 ,19 ,4 ,14 
2021-01-11,141 ,19 ,11 ,22 ,24 ,1 ,14 ,-,147 ,11 ,10 ,11 ,7 ,3 ,4 ,13 ,2 ,11 
2021-01-12,167 ,21 ,18 ,21 ,7 ,7 ,7 ,1 ,175 ,7 ,16 ,3 ,12 ,2 ,8 ,55 ,2 ,8 
2021-01-13,152 ,35 ,13 ,22 ,4 ,9 ,11 ,-,201 ,21 ,11 ,5 ,8 ,-,23 ,42 ,1 ,3 
2021-01-14,134 ,40 ,11 ,25 ,31 ,3 ,10 ,2 ,171 ,11 ,18 ,12 ,3 ,6 ,18 ,16 ,2 ,11 
2021-01-15,127 ,47 ,11 ,24 ,6 ,3 ,6 ,4 ,186 ,13 ,9 ,6 ,6 ,13 ,23 ,22 ,1 ,5 
2021-01-16,156 ,61 ,23 ,33 ,6 ,5 ,8 ,1 ,168 ,23 ,6 ,8 ,17 ,13 ,20 ,20 ,4 ,8 
2021-01-17,145 ,34 ,15 ,35 ,15 ,3 ,18 ,1 ,175 ,4 ,7 ,7 ,5 ,15 ,15 ,18 ,-,8 
2021-01-18,132 ,10 ,13 ,13 ,11 ,2 ,6 ,2 ,105 ,16 ,9 ,11 ,3 ,4 ,18 ,22 ,2 ,10 
2021-01-19,101 ,17 ,16 ,19 ,8 ,7 ,8 ,3 ,139 ,17 ,5 ,8 ,3 ,6 ,9 ,11 ,1 ,8 
2021-01-20,143 ,13 ,12 ,16 ,11 ,1 ,3 ,-,139 ,11 ,3 ,8 ,2 ,9 ,7 ,19 ,6 ,1 
2021-01-21,125 ,19 ,7 ,23 ,6 ,-,3 ,1 ,138 ,8 ,7 ,10 ,5 ,14 ,8 ,16 ,5 ,5 
2021-01-22,115 ,23 ,6 ,9 ,2 ,1 ,3 ,-,116 ,9 ,1 ,7 ,-,7 ,15 ,21 ,2 ,9 
2021-01-23,127 ,33 ,22 ,12 ,7 ,1 ,2 ,1 ,117 ,6 ,4 ,17 ,7 ,10 ,18 ,32 ,3 ,12 
2021-01-24,133 ,20 ,12 ,25 ,17 ,-,2 ,11 ,99 ,11 ,12 ,9 ,4 ,1 ,8 ,17 ,2 ,9 
2021-01-25,101 ,20 ,15 ,14 ,16 ,125 ,2 ,2 ,77 ,4 ,8 ,13 ,-,3 ,15 ,11 ,-,11 
2021-01-26,104 ,27 ,13 ,18 ,12 ,4 ,-,2 ,77 ,43 ,7 ,6 ,1 ,9 ,8 ,12 ,-,6 
2021-01-27,129 ,32 ,6 ,20 ,112 ,1 ,6 ,4 ,150 ,18 ,8 ,4 ,13 ,12 ,11 ,21 ,-,12 
2021-01-28,105 ,54 ,11 ,41 ,44 ,4 ,6 ,1 ,118 ,6 ,25 ,4 ,1 ,8 ,43 ,19 ,-,7 
2021-01-29,112 ,34 ,10 ,19 ,54 ,1 ,2 ,-,135 ,8 ,9 ,6 ,6 ,5 ,43 ,15 ,1 ,9 
2021-01-30,152 ,20 ,8 ,15 ,33 ,2 ,2 ,-,146 ,3 ,11 ,9 ,3 ,1 ,22 ,12 ,2 ,15 
2021-01-31,100 ,20 ,10 ,21 ,17 ,-,6 ,2 ,113 ,6 ,1 ,5 ,2 ,1 ,16 ,18 ,1 ,15 
2021-02-01,107 ,15 ,9 ,11 ,32 ,1 ,1 ,-,92 ,8 ,6 ,4 ,3 ,1 ,5 ,4 ,-,6 
2021-02-02,128 ,12 ,12 ,8 ,24 ,-,1 ,-,82 ,7 ,18 ,5 ,2 ,3 ,10 ,11 ,1 ,12 
2021-02-03,188 ,19 ,9 ,21 ,6 ,7 ,-,1 ,111 ,6 ,9 ,36 ,10 ,6 ,12 ,8 ,1 ,17 
2021-02-04,172 ,26 ,8 ,44 ,12 ,2 ,2 ,-,134 ,8 ,4 ,13 ,1 ,2 ,6 ,8 ,3 ,6 
2021-02-05,126 ,33 ,14 ,26 ,14 ,-,-,-,114 ,5 ,3 ,13 ,-,-,7 ,6 ,2 ,7 
2021-02-06,143 ,14 ,18 ,25 ,12 ,8 ,2 ,-,111 ,1 ,2 ,13 ,4 ,1 ,7 ,12 ,6 ,11 
2021-02-07,144 ,9 ,12 ,17 ,10 ,6 ,1 ,1 ,112 ,6 ,1 ,14 ,-,4 ,1 ,4 ,2 ,27 
2021-02-08,112 ,9 ,21 ,18 ,7 ,4 ,1 ,1 ,83 ,4 ,-,10 ,-,-,6 ,4 ,-,8 
2021-02-09,90 ,9 ,9 ,16 ,8 ,2 ,3 ,1 ,126 ,3 ,3 ,5 ,3 ,-,5 ,7 ,2 ,11 
2021-02-10,175 ,19 ,16 ,20 ,14 ,-,-,1 ,169 ,5 ,2 ,2 ,2 ,2 ,2 ,9 ,-,6 
2021-02-11,183 ,29 ,13 ,25 ,13 ,3 ,2 ,-,188 ,11 ,4 ,1 ,7 ,-,1 ,5 ,4 ,15 
2021-02-12,158 ,27 ,12 ,43 ,6 ,1 ,-,2 ,105 ,6 ,6 ,13 ,2 ,4 ,4 ,4 ,4 ,6 
2021-02-13,136 ,27 ,14 ,30 ,3 ,5 ,2 ,5 ,99 ,2 ,5 ,15 ,5 ,-,5 ,4 ,-,5 
2021-02-14,152 ,15 ,3 ,19 ,2 ,2 ,3 ,2 ,80 ,5 ,5 ,12 ,6 ,2 ,5 ,6 ,-,7 
2021-02-15,150 ,15 ,13 ,12 ,3 ,8 ,4 ,-,102 ,1 ,-,9 ,4 ,5 ,8 ,3 ,-,6 
2021-02-16,161 ,19 ,12 ,21 ,2 ,4 ,7 ,-,134 ,5 ,7 ,58 ,5 ,2 ,3 ,8 ,1 ,8 
2021-02-17,258 ,19 ,14 ,21 ,3 ,7 ,9 ,2 ,154 ,3 ,6 ,75 ,6 ,15 ,15 ,8 ,-,6 
2021-02-18,185 ,28 ,9 ,17 ,16 ,12 ,6 ,1 ,241 ,4 ,17 ,28 ,6 ,4 ,23 ,7 ,5 ,12 
2021-02-19,180 ,16 ,11 ,38 ,4 ,4 ,12 ,1 ,189 ,7 ,18 ,24 ,3 ,10 ,22 ,9 ,3 ,10 
2021-02-20,123 ,14 ,9 ,37 ,5 ,2 ,1 ,-,170 ,5 ,16 ,12 ,8 ,10 ,19 ,8 ,2 ,7 
2021-02-21,130 ,12 ,8 ,21 ,6 ,-,4 ,1 ,171 ,6 ,6 ,10 ,8 ,8 ,7 ,7 ,3 ,8 
2021-02-22,106 ,12 ,4 ,19 ,5 ,3 ,1 ,-,121 ,20 ,7 ,6 ,4 ,3 ,11 ,6 ,-,4 
2021-02-23,125 ,12 ,10 ,14 ,7 ,1 ,2 ,1 ,127 ,14 ,4 ,8 ,7 ,6 ,8 ,5 ,-,5 
2021-02-24,144 ,13 ,19 ,18 ,35 ,2 ,1 ,2 ,143 ,9 ,1 ,12 ,8 ,1 ,18 ,8 ,2 ,4 
2021-02-25,122 ,18 ,14 ,22 ,15 ,-,2 ,-,138 ,2 ,4 ,16 ,5 ,11 ,9 ,2 ,5 ,10 
2021-02-26,131 ,11 ,10 ,15 ,11 ,6 ,1 ,1 ,141 ,6 ,10 ,3 ,16 ,5 ,6 ,6 ,-,8 
2021-02-27,131 ,9 ,6 ,27 ,12 ,2 ,3 ,1 ,169 ,6 ,8 ,4 ,20 ,5 ,7 ,1 ,1 ,3 
2021-02-28,120 ,5 ,6 ,13 ,14 ,1 ,5 ,6 ,141 ,4 ,10 ,7 ,7 ,-,4 ,2 ,1 ,9 
2021-03-01,92 ,16 ,10 ,14 ,8 ,-,2 ,1 ,160 ,5 ,8 ,4 ,10 ,2 ,13 ,5 ,-,5 
2021-03-02,122 ,17 ,14 ,11 ,4 ,1 ,-,5 ,116 ,2 ,6 ,4 ,9 ,7 ,7 ,5 ,5 ,9 
2021-03-03,119 ,8 ,6 ,20 ,3 ,2 ,1 ,4 ,227 ,6 ,19 ,4 ,5 ,3 ,6 ,5 ,4 ,2 
2021-03-04,118 ,18 ,20 ,18 ,6 ,3 ,-,-,186 ,6 ,12 ,4 ,6 ,1 ,7 ,10 ,3 ,6 
2021-03-05,129 ,20 ,3 ,13 ,6 ,-,3 ,1 ,173 ,4 ,19 ,9 ,3 ,-,6 ,3 ,2 ,4 
2021-03-06,128 ,12 ,4 ,20 ,3 ,-,4 ,2 ,173 ,7 ,22 ,7 ,4 ,3 ,13 ,5 ,5 ,6 
2021-03-07,132 ,6 ,8 ,28 ,4 ,1 ,2 ,2 ,172 ,10 ,9 ,6 ,5 ,6 ,13 ,3 ,4 ,5 
2021-03-08,100 ,12 ,6 ,15 ,15 ,-,3 ,1 ,128 ,10 ,20 ,14 ,4 ,6 ,3 ,1 ,3 ,5 
2021-03-09,102 ,19 ,3 ,20 ,33 ,1 ,11 ,-,188 ,13 ,21 ,15 ,8 ,3 ,2 ,1 ,2 ,4 
2021-03-10,138 ,7 ,1 ,23 ,1 ,3 ,21 ,-,203 ,20 ,21 ,6 ,5 ,3 ,4 ,7 ,2 ,5 
2021-03-11,138 ,14 ,4 ,18 ,1 ,1 ,23 ,-,184 ,30 ,6 ,4 ,8 ,3 ,11 ,8 ,2 ,10 
2021-03-12,140 ,15 ,4 ,31 ,2 ,-,5 ,2 ,166 ,12 ,27 ,3 ,4 ,4 ,9 ,56 ,2 ,6 
2021-03-13,140 ,17 ,9 ,26 ,3 ,1 ,1 ,-,164 ,18 ,16 ,9 ,2 ,1 ,14 ,62 ,1 ,6 
2021-03-14,112 ,13 ,6 ,20 ,1 ,-,1 ,-,203 ,16 ,7 ,2 ,7 ,2 ,9 ,53 ,1 ,6 
2021-03-15,109 ,4 ,5 ,18 ,1 ,2 ,2 ,2 ,161 ,10 ,9 ,6 ,5 ,1 ,3 ,31 ,3 ,7 
2021-03-16,79 ,7 ,3 ,14 ,2 ,1 ,3 ,-,148 ,13 ,3 ,4 ,7 ,1 ,4 ,65 ,2 ,7 
2021-03-17,120 ,11 ,14 ,21 ,1 ,1 ,4 ,3 ,186 ,10 ,12 ,6 ,21 ,-,4 ,45 ,1 ,9 
2021-03-18,124 ,7 ,14 ,21 ,1 ,2 ,5 ,1 ,159 ,23 ,8 ,14 ,15 ,-,5 ,35 ,2 ,9 
2021-03-19,146 ,7 ,5 ,24 ,2 ,7 ,3 ,-,157 ,31 ,8 ,5 ,15 ,-,4 ,42 ,-,7 
2021-03-20,115 ,9 ,16 ,12 ,1 ,8 ,3 ,-,189 ,17 ,8 ,6 ,16 ,-,11 ,31 ,1 ,4 
2021-03-21,125 ,19 ,14 ,22 ,2 ,1 ,7 ,-,157 ,14 ,10 ,5 ,11 ,-,5 ,54 ,1 ,9 
2021-03-22,109 ,26 ,14 ,10 ,2 ,-,1 ,-,151 ,21 ,5 ,11 ,7 ,2 ,11 ,37 ,1 ,7 
2021-03-23,97 ,8 ,3 ,13 ,1 ,4 ,8 ,-,124 ,9 ,6 ,8 ,7 ,1 ,20 ,29 ,-,8 
2021-03-24,137 ,17 ,17 ,21 ,2 ,2 ,2 ,-,154 ,18 ,6 ,-,5 ,-,12 ,27 ,-,8 
2021-03-25,127 ,20 ,17 ,12 ,5 ,3 ,-,-,147 ,27 ,17 ,4 ,5 ,1 ,10 ,30 ,-,5 
2021-03-26,121 ,11 ,14 ,29 ,3 ,14 ,-,-,196 ,24 ,13 ,3 ,3 ,2 ,13 ,37 ,3 ,3 
2021-03-27,127 ,33 ,23 ,39 ,5 ,10 ,5 ,1 ,145 ,36 ,39 ,2 ,5 ,-,11 ,19 ,2 ,3 
2021-03-28,138 ,56 ,10 ,33 ,2 ,8 ,4 ,-,153 ,19 ,16 ,8 ,5 ,1 ,6 ,13 ,-,9 
2021-03-29,107 ,53 ,10 ,18 ,2 ,2 ,3 ,-,131 ,6 ,12 ,1 ,8 ,1 ,3 ,20 ,1 ,4 
2021-03-30,145 ,43 ,12 ,18 ,1 ,11 ,3 ,2 ,117 ,13 ,28 ,5 ,25 ,-,5 ,16 ,-,3 
2021-03-31,158 ,58 ,15 ,25 ,2 ,7 ,11 ,17 ,111 ,16 ,21 ,8 ,20 ,-,6 ,22 ,2 ,7 
2021-04-01,199 ,54 ,7 ,20 ,3 ,10 ,5 ,13 ,130 ,20 ,20 ,15 ,22 ,1 ,7 ,21 ,2 ,2 
2021-04-02,166 ,38 ,17 ,23 ,1 ,19 ,7 ,8 ,160 ,10 ,19 ,10 ,15 ,1 ,30 ,18 ,4 ,11 
2021-04-03,155 ,61 ,10 ,21 ,3 ,19 ,3 ,10 ,147 ,17 ,11 ,10 ,20 ,1 ,17 ,28 ,1 ,9 
2021-04-04,149 ,61 ,15 ,22 ,4 ,29 ,11 ,3 ,150 ,6 ,14 ,12 ,24 ,1 ,16 ,14 ,2 ,10 
2021-04-05,152 ,48 ,22 ,22 ,-,13 ,1 ,4 ,111 ,14 ,7 ,14 ,16 ,5 ,20 ,12 ,2 ,10 
2021-04-06,147 ,34 ,16 ,27 ,6 ,22 ,4 ,-,107 ,15 ,12 ,6 ,29 ,15 ,25 ,7 ,-,5 
2021-04-07,198 ,38 ,16 ,48 ,2 ,61 ,26 ,1 ,175 ,16 ,17 ,12 ,10 ,7 ,9 ,25 ,3 ,4 
2021-04-08,244 ,52 ,10 ,25 ,-,25 ,13 ,7 ,230 ,7 ,8 ,20 ,24 ,1 ,11 ,11 ,5 ,7 
2021-04-09,215 ,53 ,18 ,45 ,5 ,26 ,9 ,5 ,203 ,3 ,7 ,18 ,22 ,11 ,7 ,15 ,2 ,7 
2021-04-10,201 ,56 ,5 ,24 ,1 ,13 ,25 ,4 ,202 ,6 ,12 ,15 ,23 ,7 ,26 ,46 ,7 ,4 
2021-04-11,214 ,45 ,6 ,17 ,-,7 ,11 ,1 ,186 ,5 ,10 ,22 ,40 ,6 ,13 ,16 ,7 ,8 
2021-04-12,162 ,47 ,16 ,12 ,4 ,17 ,34 ,5 ,176 ,6 ,20 ,18 ,24 ,3 ,15 ,17 ,3 ,8 
2021-04-13,158 ,39 ,9 ,16 ,9 ,13 ,32 ,2 ,168 ,13 ,8 ,14 ,25 ,6 ,10 ,15 ,-,5 
2021-04-14,247 ,49 ,11 ,26 ,5 ,11 ,30 ,2 ,238 ,6 ,29 ,10 ,11 ,1 ,14 ,27 ,2 ,12 
2021-04-15,217 ,54 ,18 ,17 ,4 ,10 ,21 ,3 ,224 ,18 ,20 ,4 ,16 ,11 ,19 ,24 ,3 ,15 
2021-04-16,216 ,44 ,4 ,12 ,11 ,6 ,24 ,3 ,221 ,7 ,9 ,13 ,15 ,6 ,24 ,44 ,3 ,11 
2021-04-17,217 ,35 ,12 ,23 ,4 ,4 ,26 ,-,209 ,12 ,12 ,7 ,16 ,6 ,29 ,38 ,1 ,7 
2021-04-18,204 ,31 ,13 ,19 ,13 ,5 ,21 ,2 ,184 ,19 ,10 ,22 ,21 ,2 ,28 ,67 ,1 ,9 
2021-04-19,137 ,26 ,24 ,11 ,11 ,21 ,28 ,1 ,146 ,21 ,10 ,13 ,16 ,3 ,19 ,35 ,2 ,8 
2021-04-20,148 ,29 ,15 ,18 ,4 ,8 ,21 ,1 ,189 ,18 ,14 ,16 ,3 ,4 ,21 ,29 ,1 ,10 
2021-04-21,218 ,33 ,25 ,15 ,17 ,17 ,39 ,1 ,234 ,15 ,20 ,8 ,8 ,4 ,16 ,41 ,7 ,13 
2021-04-22,230 ,37 ,24 ,14 ,9 ,13 ,32 ,1 ,222 ,24 ,19 ,6 ,6 ,8 ,23 ,58 ,4 ,5 
2021-04-23,204 ,33 ,12 ,10 ,16 ,2 ,38 ,3 ,298 ,15 ,30 ,10 ,9 ,6 ,22 ,63 ,3 ,23 
2021-04-24,253 ,44 ,4 ,18 ,15 ,10 ,50 ,1 ,244 ,9 ,15 ,14 ,9 ,1 ,32 ,52 ,3 ,11 
2021-04-25,175 ,43 ,14 ,15 ,8 ,6 ,43 ,-,191 ,10 ,15 ,6 ,7 ,9 ,24 ,45 ,3 ,30 
2021-04-26,154 ,25 ,7 ,14 ,15 ,4 ,13 ,1 ,150 ,12 ,16 ,7 ,6 ,-,25 ,29 ,1 ,20 
2021-04-27,116 ,30 ,12 ,14 ,6 ,8 ,18 ,2 ,195 ,2 ,10 ,14 ,5 ,2 ,22 ,28 ,5 ,23 
2021-04-28,257 ,33 ,29 ,20 ,12 ,10 ,33 ,2 ,194 ,11 ,22 ,38 ,13 ,5 ,25 ,55 ,3 ,7 
2021-04-29,227 ,40 ,19 ,25 ,8 ,4 ,46 ,-,182 ,13 ,10 ,16 ,9 ,2 ,28 ,38 ,1 ,11 
2021-04-30,227 ,32 ,14 ,14 ,4 ,31 ,61 ,1 ,151 ,4 ,12 ,12 ,21 ,5 ,29 ,37 ,1 ,5 
2021-05-01,195 ,29 ,12 ,13 ,4 ,13 ,52 ,4 ,190 ,4 ,5 ,17 ,10 ,2 ,12 ,43 ,7 ,15 
2021-05-02,182 ,33 ,10 ,17 ,15 ,9 ,52 ,1 ,145 ,4 ,11 ,16 ,12 ,1 ,30 ,61 ,1 ,6 
2021-05-03,127 ,16 ,12 ,15 ,5 ,5 ,21 ,4 ,130 ,10 ,9 ,10 ,12 ,24 ,32 ,44 ,1 ,11 
2021-05-04,184 ,16 ,10 ,13 ,4 ,13 ,29 ,6 ,124 ,22 ,7 ,19 ,12 ,9 ,22 ,36 ,8 ,7 
2021-05-05,238 ,23 ,6 ,16 ,8 ,18 ,22 ,-,168 ,48 ,11 ,10 ,6 ,12 ,38 ,27 ,13 ,12 
2021-05-06,212 ,28 ,7 ,19 ,8 ,18 ,38 ,1 ,142 ,12 ,6 ,15 ,5 ,10 ,22 ,17 ,6 ,8 
2021-05-07,179 ,21 ,9 ,14 ,21 ,7 ,35 ,-,139 ,8 ,5 ,9 ,6 ,12 ,12 ,32 ,12 ,4 
2021-05-08,242 ,27 ,13 ,22 ,5 ,9 ,48 ,5 ,194 ,27 ,9 ,3 ,5 ,12 ,21 ,37 ,5 ,17 
2021-05-09,195 ,10 ,6 ,11 ,6 ,2 ,28 ,1 ,149 ,7 ,9 ,10 ,8 ,24 ,19 ,30 ,18 ,31 
2021-05-10,141 ,20 ,4 ,13 ,9 ,4 ,24 ,7 ,137 ,5 ,4 ,15 ,9 ,9 ,19 ,16 ,14 ,13 
2021-05-11,163 ,14 ,8 ,21 ,24 ,7 ,19 ,-,137 ,12 ,4 ,18 ,12 ,10 ,15 ,10 ,24 ,12 
2021-05-12,222 ,10 ,6 ,20 ,22 ,8 ,31 ,1 ,187 ,17 ,12 ,10 ,22 ,17 ,7 ,16 ,13 ,13 
2021-05-13,227 ,20 ,5 ,17 ,23 ,18 ,31 ,2 ,226 ,17 ,10 ,19 ,10 ,12 ,23 ,32 ,9 ,14 
2021-05-14,231 ,24 ,9 ,34 ,11 ,31 ,26 ,7 ,173 ,25 ,4 ,22 ,14 ,50 ,35 ,32 ,10 ,9 
2021-05-15,254 ,42 ,5 ,16 ,11 ,10 ,22 ,3 ,170 ,12 ,5 ,12 ,11 ,26 ,19 ,40 ,14 ,9 
2021-05-16,213 ,31 ,6 ,15 ,14 ,4 ,11 ,-,161 ,5 ,20 ,18 ,14 ,13 ,11 ,45 ,9 ,20 
2021-05-17,195 ,12 ,19 ,14 ,27 ,2 ,16 ,-,150 ,35 ,23 ,16 ,9 ,20 ,27 ,30 ,15 ,9 
2021-05-18,172 ,13 ,23 ,16 ,11 ,12 ,6 ,4 ,137 ,25 ,13 ,15 ,7 ,12 ,23 ,16 ,11 ,12 
2021-05-19,249 ,27 ,23 ,23 ,4 ,10 ,27 ,3 ,164 ,16 ,21 ,17 ,9 ,10 ,24 ,16 ,4 ,7 
2021-05-20,242 ,17 ,9 ,13 ,15 ,8 ,25 ,9 ,187 ,8 ,13 ,19 ,7 ,7 ,33 ,12 ,6 ,16 
2021-05-21,172 ,15 ,19 ,12 ,13 ,15 ,13 ,1 ,164 ,7 ,12 ,41 ,16 ,17 ,11 ,18 ,5 ,10 
2021-05-22,208 ,28 ,56 ,15 ,15 ,5 ,29 ,-,165 ,29 ,6 ,17 ,12 ,16 ,16 ,21 ,7 ,21 
2021-05-23,181 ,15 ,57 ,12 ,9 ,12 ,24 ,1 ,151 ,19 ,9 ,24 ,14 ,10 ,12 ,17 ,8 ,10 
2021-05-24,139 ,15 ,48 ,18 ,16 ,11 ,12 ,14 ,122 ,20 ,7 ,31 ,4 ,14 ,12 ,17 ,19 ,11 
2021-05-25,138 ,16 ,29 ,11 ,21 ,15 ,7 ,14 ,136 ,21 ,9 ,22 ,5 ,7 ,12 ,14 ,17 ,22 
2021-05-26,261 ,22 ,30 ,19 ,21 ,17 ,15 ,9 ,189 ,25 ,13 ,19 ,6 ,11 ,9 ,20 ,6 ,13 
2021-05-27,218 ,18 ,27 ,30 ,15 ,23 ,6 ,8 ,170 ,7 ,9 ,17 ,6 ,16 ,12 ,18 ,26 ,3 
2021-05-28,214 ,13 ,24 ,26 ,8 ,18 ,12 ,8 ,149 ,16 ,14 ,21 ,4 ,7 ,14 ,21 ,7 ,11 
2021-05-29,194 ,14 ,22 ,18 ,9 ,11 ,8 ,1 ,139 ,10 ,22 ,12 ,6 ,5 ,13 ,20 ,13 ,16 
2021-05-30,160 ,13 ,20 ,18 ,9 ,7 ,7 ,6 ,160 ,17 ,6 ,7 ,7 ,9 ,9 ,10 ,8 ,7 
2021-05-31,130 ,17 ,31 ,12 ,13 ,6 ,3 ,3 ,130 ,11 ,7 ,4 ,9 ,6 ,18 ,16 ,7 ,7 
2021-06-01,147 ,28 ,42 ,17 ,5 ,19 ,2 ,3 ,116 ,13 ,11 ,12 ,6 ,5 ,9 ,8 ,12 ,4 
2021-06-02,258 ,21 ,39 ,20 ,5 ,23 ,14 ,3 ,192 ,14 ,5 ,7 ,10 ,10 ,12 ,21 ,14 ,9 
2021-06-03,215 ,32 ,74 ,22 ,4 ,15 ,8 ,1 ,211 ,17 ,5 ,13 ,12 ,3 ,11 ,23 ,12 ,3 
2021-06-04,206 ,14 ,65 ,10 ,7 ,18 ,15 ,3 ,209 ,18 ,22 ,9 ,3 ,12 ,11 ,44 ,21 ,8 
2021-06-05,277 ,17 ,41 ,16 ,9 ,31 ,5 ,4 ,211 ,14 ,24 ,10 ,14 ,14 ,10 ,20 ,22 ,5 
2021-06-06,179 ,21 ,46 ,23 ,2 ,18 ,7 ,-,160 ,10 ,17 ,13 ,-,9 ,10 ,17 ,19 ,5 
2021-06-07,159 ,12 ,26 ,15 ,4 ,20 ,10 ,-,151 ,2 ,11 ,9 ,3 ,3 ,9 ,28 ,13 ,10 
2021-06-08,139 ,15 ,33 ,13 ,1 ,22 ,3 ,-,130 ,5 ,6 ,4 ,4 ,8 ,7 ,48 ,8 ,8 
2021-06-09,183 ,16 ,44 ,23 ,7 ,25 ,6 ,3 ,161 ,30 ,23 ,5 ,6 ,6 ,13 ,39 ,7 ,5 
2021-06-10,212 ,15 ,30 ,22 ,4 ,22 ,7 ,3 ,180 ,16 ,24 ,7 ,2 ,4 ,11 ,33 ,10 ,8 
2021-06-11,204 ,28 ,24 ,18 ,1 ,15 ,15 ,2 ,173 ,11 ,16 ,5 ,4 ,5 ,6 ,20 ,5 ,4 
2021-06-12,208 ,26 ,23 ,20 ,7 ,22 ,6 ,1 ,174 ,11 ,12 ,5 ,2 ,4 ,5 ,25 ,5 ,9 
2021-06-13,176 ,13 ,15 ,15 ,3 ,11 ,2 ,1 ,149 ,10 ,6 ,10 ,1 ,3 ,7 ,8 ,5 ,17 
2021-06-14,122 ,17 ,20 ,14 ,4 ,10 ,-,1 ,122 ,11 ,23 ,7 ,2 ,4 ,4 ,13 ,9 ,16 
2021-06-15,131 ,9 ,16 ,12 ,4 ,15 ,4 ,8 ,120 ,3 ,14 ,7 ,4 ,3 ,5 ,3 ,6 ,9 
2021-06-16,201 ,16 ,16 ,12 ,1 ,29 ,7 ,4 ,190 ,7 ,17 ,8 ,2 ,8 ,3 ,7 ,9 ,8 
2021-06-17,201 ,17 ,7 ,17 ,6 ,18 ,22 ,2 ,183 ,7 ,18 ,5 ,7 ,6 ,3 ,5 ,8 ,8 
2021-06-18,200 ,10 ,11 ,22 ,2 ,13 ,11 ,1 ,153 ,9 ,19 ,7 ,4 ,4 ,11 ,14 ,6 ,10 
2021-06-19,197 ,18 ,13 ,22 ,4 ,5 ,5 ,2 ,145 ,5 ,10 ,12 ,5 ,5 ,4 ,11 ,7 ,12 
2021-06-20,165 ,21 ,16 ,22 ,3 ,8 ,5 ,3 ,113 ,13 ,6 ,10 ,3 ,3 ,6 ,11 ,2 ,19 
2021-06-21,134 ,14 ,18 ,9 ,2 ,15 ,-,2 ,91 ,9 ,3 ,11 ,3 ,10 ,8 ,13 ,3 ,12 
2021-06-22,131 ,6 ,3 ,18 ,2 ,31 ,5 ,6 ,92 ,10 ,16 ,12 ,2 ,8 ,11 ,11 ,1 ,29 
2021-06-23,236 ,16 ,7 ,28 ,4 ,58 ,5 ,8 ,191 ,17 ,10 ,9 ,2 ,2 ,21 ,18 ,-,13 
2021-06-24,252 ,20 ,3 ,15 ,1 ,15 ,13 ,1 ,185 ,5 ,6 ,7 ,6 ,6 ,29 ,23 ,4 ,19 
2021-06-25,269 ,27 ,5 ,29 ,5 ,9 ,16 ,2 ,183 ,13 ,10 ,4 ,2 ,18 ,7 ,17 ,5 ,13 
2021-06-26,263 ,31 ,13 ,12 ,8 ,13 ,22 ,2 ,188 ,35 ,5 ,7 ,5 ,3 ,9 ,12 ,9 ,31 
2021-06-27,242 ,12 ,8 ,25 ,12 ,15 ,6 ,8 ,173 ,19 ,4 ,24 ,6 ,6 ,4 ,14 ,2 ,34 
2021-06-28,185 ,38 ,5 ,31 ,7 ,7 ,8 ,-,162 ,17 ,5 ,8 ,2 ,2 ,1 ,10 ,2 ,11 
2021-06-29,205 ,9 ,8 ,17 ,2 ,25 ,13 ,3 ,230 ,8 ,10 ,11 ,7 ,4 ,6 ,15 ,6 ,16 
2021-06-30,375 ,14 ,11 ,30 ,6 ,26 ,4 ,3 ,240 ,15 ,5 ,8 ,10 ,7 ,4 ,17 ,2 ,17 
2021-07-01,333 ,18 ,7 ,36 ,7 ,16 ,2 ,5 ,249 ,10 ,4 ,15 ,7 ,5 ,5 ,10 ,1 ,31 
2021-07-02,346 ,29 ,9 ,22 ,2 ,25 ,11 ,2 ,264 ,14 ,7 ,27 ,7 ,4 ,7 ,13 ,3 ,33 
2021-07-03,359 ,39 ,8 ,16 ,3 ,28 ,1 ,3 ,252 ,11 ,6 ,16 ,4 ,7 ,4 ,10 ,4 ,23 
2021-07-04,289 ,28 ,3 ,33 ,3 ,32 ,13 ,4 ,231 ,19 ,2 ,7 ,3 ,-,9 ,15 ,2 ,50 
2021-07-05,307 ,25 ,6 ,22 ,7 ,19 ,1 ,4 ,220 ,7 ,3 ,12 ,6 ,6 ,13 ,22 ,6 ,25 
2021-07-06,320 ,29 ,8 ,23 ,4 ,26 ,3 ,5 ,229 ,9 ,2 ,13 ,6 ,4 ,11 ,19 ,5 ,30 
2021-07-07,582 ,34 ,13 ,57 ,11 ,30 ,1 ,5 ,367 ,12 ,5 ,16 ,8 ,10 ,6 ,15 ,19 ,20 
2021-07-08,550 ,55 ,15 ,64 ,2 ,13 ,9 ,5 ,392 ,16 ,8 ,78 ,3 ,9 ,4 ,10 ,17 ,25 
2021-07-09,503 ,58 ,19 ,82 ,4 ,29 ,16 ,1 ,405 ,24 ,14 ,52 ,8 ,5 ,9 ,17 ,31 ,39 
2021-07-10,509 ,61 ,14 ,84 ,21 ,48 ,30 ,-,451 ,16 ,19 ,29 ,14 ,2 ,13 ,36 ,10 ,21 
2021-07-11,509 ,56 ,23 ,66 ,23 ,32 ,22 ,3 ,407 ,20 ,8 ,32 ,2 ,6 ,12 ,67 ,24 ,12 
2021-07-12,403 ,44 ,37 ,56 ,14 ,25 ,8 ,6 ,327 ,18 ,14 ,45 ,4 ,19 ,13 ,40 ,7 ,20 
2021-07-13,417 ,50 ,38 ,71 ,9 ,31 ,7 ,8 ,318 ,19 ,8 ,36 ,18 ,13 ,8 ,51 ,19 ,29 
2021-07-14,637 ,63 ,52 ,96 ,15 ,41 ,11 ,6 ,464 ,16 ,10 ,36 ,9 ,6 ,22 ,89 ,21 ,19 
2021-07-15,519 ,65 ,51 ,90 ,21 ,60 ,19 ,2 ,496 ,25 ,12 ,51 ,24 ,26 ,13 ,88 ,9 ,28 
2021-07-16,569 ,50 ,32 ,97 ,23 ,49 ,14 ,7 ,456 ,28 ,14 ,39 ,13 ,8 ,12 ,80 ,10 ,34 
2021-07-17,559 ,62 ,29 ,81 ,12 ,33 ,11 ,2 ,393 ,45 ,11 ,52 ,8 ,8 ,16 ,89 ,14 ,24 
2021-07-18,522 ,70 ,42 ,83 ,23 ,45 ,12 ,5 ,373 ,52 ,29 ,40 ,5 ,11 ,15 ,99 ,11 ,16 
2021-07-19,419 ,65 ,33 ,67 ,14 ,83 ,14 ,8 ,340 ,27 ,4 ,33 ,10 ,16 ,19 ,74 ,11 ,14 
2021-07-20,394 ,49 ,30 ,71 ,25 ,73 ,9 ,13 ,383 ,42 ,44 ,30 ,15 ,9 ,19 ,57 ,8 ,7 
2021-07-21,604 ,102 ,35 ,128 ,23 ,73 ,18 ,6 ,465 ,54 ,15 ,49 ,19 ,21 ,25 ,89 ,34 ,21 
2021-07-22,499 ,104 ,38 ,130 ,11 ,81 ,25 ,10 ,373 ,47 ,28 ,39 ,4 ,18 ,29 ,91 ,24 ,290 
2021-07-23,519 ,116 ,60 ,97 ,9 ,67 ,22 ,8 ,415 ,62 ,35 ,28 ,10 ,23 ,16 ,93 ,29 ,20 
2021-07-24,465 ,116 ,52 ,84 ,9 ,68 ,19 ,6 ,464 ,46 ,31 ,39 ,42 ,20 ,21 ,111 ,15 ,19 
2021-07-25,489 ,108 ,69 ,88 ,13 ,54 ,9 ,9 ,320 ,25 ,41 ,47 ,7 ,16 ,28 ,119 ,14 ,31 
2021-07-26,341 ,89 ,60 ,71 ,18 ,71 ,3 ,5 ,350 ,29 ,31 ,65 ,24 ,28 ,22 ,78 ,12 ,21 
2021-07-27,351 ,66 ,69 ,65 ,23 ,71 ,5 ,6 ,373 ,61 ,13 ,38 ,32 ,15 ,25 ,88 ,17 ,45 
2021-07-28,573 ,102 ,55 ,102 ,27 ,75 ,18 ,11 ,556 ,74 ,40 ,31 ,23 ,20 ,33 ,98 ,23 ,34 
2021-07-29,514 ,82 ,56 ,96 ,39 ,69 ,14 ,5 ,469 ,47 ,30 ,47 ,31 ,20 ,22 ,90 ,24 ,18 
2021-07-30,488 ,78 ,62 ,119 ,25 ,85 ,18 ,4 ,524 ,20 ,37 ,37 ,23 ,19 ,37 ,99 ,18 ,17 
2021-07-31,475 ,72 ,46 ,96 ,22 ,86 ,17 ,12 ,395 ,39 ,19 ,63 ,14 ,13 ,19 ,99 ,26 ,25 
2021-08-01,473 ,58 ,23 ,89 ,14 ,69 ,20 ,9 ,406 ,44 ,17 ,46 ,14 ,9 ,28 ,84 ,20 ,19 
2021-08-02,364 ,72 ,26 ,62 ,17 ,64 ,13 ,3 ,337 ,25 ,26 ,38 ,13 ,6 ,31 ,84 ,12 ,25 
2021-08-03,311 ,69 ,37 ,48 ,18 ,78 ,8 ,7 ,360 ,25 ,39 ,51 ,16 ,4 ,25 ,72 ,21 ,11 
2021-08-04,486 ,111 ,75 ,83 ,16 ,59 ,15 ,8 ,487 ,22 ,45 ,55 ,33 ,15 ,48 ,114 ,23 ,30 
2021-08-05,466 ,112 ,121 ,90 ,17 ,70 ,13 ,15 ,486 ,31 ,45 ,71 ,19 ,20 ,60 ,82 ,24 ,33 
2021-08-06,464 ,107 ,84 ,103 ,14 ,50 ,24 ,20 ,462 ,26 ,41 ,53 ,34 ,24 ,56 ,98 ,16 ,28 
2021-08-07,503 ,146 ,68 ,90 ,18 ,57 ,21 ,18 ,514 ,33 ,43 ,54 ,20 ,20 ,49 ,131 ,13 ,25 
2021-08-08,450 ,147 ,63 ,75 ,32 ,33 ,58 ,7 ,461 ,25 ,55 ,86 ,20 ,20 ,56 ,118 ,5 ,16 
2021-08-09,415 ,123 ,86 ,65 ,19 ,42 ,25 ,1 ,408 ,24 ,38 ,68 ,21 ,14 ,30 ,88 ,11 ,13 
2021-08-10,359 ,105 ,80 ,66 ,15 ,51 ,51 ,4 ,420 ,22 ,47 ,66 ,31 ,26 ,59 ,110 ,12 ,13 
2021-08-11,660 ,126 ,66 ,111 ,20 ,43 ,48 ,8 ,666 ,19 ,56 ,86 ,31 ,18 ,67 ,141 ,28 ,27 
2021-08-12,526 ,132 ,39 ,114 ,20 ,51 ,54 ,11 ,575 ,42 ,75 ,85 ,24 ,27 ,63 ,110 ,23 ,16 
2021-08-13,524 ,180 ,57 ,97 ,15 ,58 ,39 ,7 ,540 ,33 ,52 ,72 ,27 ,18 ,82 ,125 ,44 ,19 
2021-08-14,513 ,153 ,82 ,79 ,17 ,42 ,26 ,10 ,573 ,39 ,45 ,64 ,21 ,28 ,54 ,103 ,55 ,24 
2021-08-15,488 ,156 ,57 ,100 ,29 ,44 ,29 ,5 ,510 ,31 ,44 ,62 ,12 ,18 ,76 ,93 ,38 ,24 
2021-08-16,363 ,127 ,45 ,110 ,29 ,31 ,31 ,3 ,396 ,41 ,37 ,43 ,14 ,27 ,75 ,86 ,65 ,31 
2021-08-17,365 ,66 ,46 ,78 ,18 ,33 ,22 ,3 ,385 ,26 ,43 ,42 ,25 ,25 ,38 ,106 ,37 ,14 
2021-08-18,509 ,124 ,61 ,92 ,31 ,34 ,32 ,6 ,515 ,40 ,33 ,70 ,20 ,34 ,37 ,105 ,46 ,14 
2021-08-19,575 ,138 ,52 ,153 ,22 ,49 ,68 ,13 ,649 ,29 ,59 ,83 ,39 ,17 ,47 ,109 ,37 ,13 
2021-08-20,554 ,132 ,39 ,120 ,22 ,58 ,30 ,13 ,645 ,28 ,44 ,76 ,40 ,23 ,67 ,90 ,56 ,13 
2021-08-21,525 ,86 ,34 ,92 ,27 ,28 ,27 ,2 ,598 ,40 ,41 ,75 ,24 ,15 ,111 ,79 ,52 ,20 
2021-08-22,497 ,113 ,51 ,66 ,22 ,23 ,36 ,1 ,524 ,15 ,46 ,51 ,21 ,9 ,50 ,57 ,35 ,9 
2021-08-23,388 ,63 ,57 ,78 ,33 ,30 ,37 ,11 ,396 ,26 ,43 ,68 ,36 ,10 ,35 ,54 ,32 ,20 
2021-08-24,436 ,61 ,73 ,63 ,12 ,63 ,26 ,7 ,474 ,17 ,30 ,60 ,34 ,9 ,31 ,69 ,30 ,12 
2021-08-25,677 ,86 ,101 ,119 ,23 ,64 ,38 ,16 ,587 ,46 ,59 ,76 ,40 ,8 ,71 ,104 ,27 ,12 
2021-08-26,570 ,78 ,95 ,102 ,29 ,50 ,40 ,10 ,514 ,26 ,38 ,92 ,45 ,8 ,64 ,68 ,30 ,23 
2021-08-27,556 ,68 ,90 ,97 ,14 ,57 ,20 ,9 ,548 ,57 ,33 ,60 ,41 ,16 ,65 ,73 ,23 ,10 
2021-08-28,569 ,76 ,76 ,95 ,20 ,46 ,22 ,12 ,542 ,41 ,45 ,63 ,26 ,26 ,47 ,53 ,21 ,11 
2021-08-29,517 ,64 ,57 ,93 ,22 ,18 ,36 ,2 ,480 ,35 ,30 ,77 ,28 ,28 ,54 ,53 ,13 ,12 
2021-08-30,442 ,57 ,85 ,64 ,30 ,29 ,36 ,8 ,408 ,29 ,38 ,60 ,26 ,29 ,41 ,62 ,12 ,29 
2021-08-31,456 ,44 ,51 ,73 ,19 ,34 ,24 ,8 ,432 ,30 ,15 ,38 ,26 ,14 ,27 ,56 ,9 ,13 
2021-09-01,665 ,69 ,55 ,123 ,37 ,30 ,71 ,10 ,639 ,35 ,49 ,86 ,26 ,17 ,44 ,53 ,10 ,5 
2021-09-02,558 ,71 ,66 ,123 ,42 ,61 ,42 ,7 ,697 ,27 ,27 ,95 ,18 ,13 ,42 ,54 ,11 ,5 
2021-09-03,542 ,58 ,52 ,118 ,43 ,46 ,35 ,4 ,520 ,18 ,30 ,81 ,28 ,15 ,46 ,51 ,10 ,11 
2021-09-04,565 ,51 ,42 ,98 ,26 ,50 ,47 ,8 ,580 ,45 ,30 ,99 ,26 ,30 ,40 ,52 ,8 ,6 
2021-09-05,508 ,39 ,20 ,100 ,39 ,38 ,41 ,3 ,448 ,24 ,17 ,73 ,14 ,16 ,42 ,52 ,7 ,9 
2021-09-06,464 ,52 ,43 ,83 ,28 ,30 ,39 ,4 ,400 ,25 ,24 ,62 ,7 ,4 ,38 ,57 ,9 ,6 
2021-09-07,482 ,35 ,38 ,87 ,34 ,34 ,47 ,5 ,481 ,22 ,36 ,85 ,30 ,35 ,45 ,87 ,5 ,9 
2021-09-08,671 ,31 ,61 ,120 ,43 ,39 ,49 ,8 ,703 ,33 ,39 ,84 ,32 ,22 ,25 ,70 ,9 ,9 
2021-09-09,667 ,35 ,50 ,108 ,22 ,38 ,70 ,6 ,643 ,33 ,33 ,152 ,26 ,22 ,33 ,77 ,23 ,11 
2021-09-10,670 ,38 ,44 ,120 ,25 ,48 ,41 ,5 ,613 ,33 ,32 ,79 ,25 ,21 ,28 ,45 ,17 ,8 
2021-09-11,659 ,35 ,45 ,132 ,21 ,65 ,31 ,9 ,572 ,34 ,30 ,92 ,17 ,25 ,34 ,38 ,6 ,19 
2021-09-12,658 ,43 ,62 ,148 ,27 ,45 ,34 ,4 ,488 ,19 ,45 ,79 ,14 ,11 ,20 ,46 ,4 ,8 
2021-09-13,556 ,35 ,31 ,151 ,14 ,39 ,17 ,4 ,402 ,14 ,35 ,58 ,10 ,5 ,25 ,23 ,4 ,10 
2021-09-14,539 ,38 ,27 ,124 ,35 ,41 ,35 ,21 ,461 ,21 ,21 ,59 ,17 ,1 ,15 ,22 ,12 ,6 
2021-09-15,808 ,43 ,27 ,164 ,38 ,37 ,31 ,8 ,688 ,29 ,37 ,85 ,16 ,5 ,22 ,28 ,6 ,5 
2021-09-16,718 ,58 ,47 ,137 ,13 ,36 ,31 ,7 ,656 ,36 ,41 ,50 ,20 ,8 ,33 ,33 ,11 ,7 
2021-09-17,746 ,52 ,38 ,141 ,21 ,43 ,17 ,12 ,659 ,39 ,37 ,56 ,36 ,13 ,38 ,35 ,9 ,16 
2021-09-18,703 ,52 ,71 ,147 ,27 ,44 ,34 ,12 ,674 ,48 ,41 ,73 ,73 ,7 ,24 ,43 ,3 ,11 
2021-09-19,742 ,46 ,47 ,183 ,22 ,48 ,30 ,8 ,547 ,46 ,35 ,47 ,20 ,12 ,41 ,22 ,6 ,7 
2021-09-20,583 ,47 ,35 ,96 ,35 ,49 ,15 ,9 ,506 ,28 ,36 ,34 ,38 ,6 ,37 ,32 ,10 ,7 
2021-09-21,676 ,45 ,46 ,133 ,40 ,44 ,16 ,4 ,502 ,39 ,27 ,45 ,31 ,7 ,27 ,26 ,7 ,14 
2021-09-22,644 ,38 ,41 ,148 ,40 ,16 ,20 ,4 ,529 ,33 ,27 ,62 ,27 ,23 ,28 ,29 ,5 ,6 
2021-09-23,645 ,24 ,53 ,107 ,36 ,43 ,23 ,10 ,548 ,31 ,25 ,54 ,40 ,15 ,21 ,28 ,9 ,3 
2021-09-24,904 ,30 ,128 ,140 ,42 ,71 ,30 ,14 ,708 ,43 ,60 ,75 ,62 ,17 ,46 ,38 ,14 ,7 
2021-09-25,"1,220 ",51 ,118 ,201 ,30 ,80 ,26 ,10 ,"1,101 ",57 ,60 ,93 ,65 ,28 ,58 ,47 ,15 ,8 
2021-09-26,927 ,46 ,143 ,173 ,40 ,53 ,27 ,8 ,931 ,47 ,51 ,75 ,48 ,25 ,85 ,73 ,7 ,9 
2021-09-27,777 ,43 ,115 ,145 ,28 ,51 ,20 ,14 ,755 ,40 ,63 ,78 ,43 ,16 ,71 ,101 ,9 ,12 
2021-09-28,840 ,29 ,126 ,123 ,28 ,54 ,17 ,4 ,721 ,26 ,59 ,48 ,42 ,18 ,75 ,67 ,7 ,3 
2021-09-29,"1,051 ",52 ,109 ,154 ,28 ,29 ,27 ,10 ,990 ,20 ,84 ,77 ,41 ,23 ,88 ,84 ,5 ,9 
2021-09-30,944 ,49 ,73 ,148 ,32 ,36 ,27 ,14 ,883 ,32 ,61 ,60 ,35 ,24 ,52 ,67 ,15 ,9 
2021-10-01,913 ,46 ,85 ,159 ,28 ,38 ,24 ,8 ,825 ,52 ,39 ,60 ,32 ,29 ,60 ,69 ,9 ,7 
2021-10-02,792 ,42 ,80 ,116 ,25 ,35 ,19 ,11 ,759 ,33 ,60 ,51 ,23 ,22 ,56 ,108 ,8 ,7 
2021-10-03,734 ,33 ,58 ,128 ,22 ,41 ,18 ,7 ,678 ,50 ,44 ,44 ,29 ,25 ,97 ,65 ,5 ,6 
2021-10-04,572 ,37 ,68 ,120 ,13 ,38 ,5 ,3 ,534 ,37 ,44 ,42 ,21 ,13 ,60 ,47 ,7 ,9 
2021-10-05,521 ,47 ,50 ,106 ,15 ,39 ,12 ,10 ,496 ,24 ,44 ,34 ,23 ,13 ,57 ,70 ,5 ,8 
2021-10-06,690 ,38 ,64 ,133 ,16 ,31 ,4 ,5 ,685 ,31 ,38 ,69 ,20 ,13 ,55 ,120 ,4 ,11 
2021-10-07,836 ,49 ,46 ,200 ,13 ,30 ,14 ,11 ,856 ,29 ,74 ,52 ,24 ,18 ,55 ,96 ,9 ,13 
2021-10-08,772 ,34 ,45 ,128 ,25 ,31 ,16 ,10 ,759 ,33 ,64 ,60 ,22 ,17 ,77 ,55 ,9 ,14 
2021-10-09,712 ,30 ,50 ,131 ,18 ,30 ,13 ,4 ,638 ,28 ,64 ,58 ,19 ,14 ,39 ,73 ,26 ,6 
2021-10-10,583 ,31 ,48 ,95 ,23 ,10 ,9 ,4 ,550 ,18 ,75 ,31 ,10 ,5 ,45 ,39 ,7 ,11 
2021-10-11,511 ,49 ,45 ,72 ,14 ,22 ,11 ,3 ,359 ,17 ,60 ,25 ,20 ,11 ,30 ,34 ,8 ,6 
2021-10-12,482 ,25 ,50 ,81 ,7 ,23 ,17 ,6 ,411 ,28 ,68 ,57 ,23 ,17 ,24 ,17 ,7 ,3 
2021-10-13,581 ,40 ,66 ,86 ,14 ,21 ,7 ,3 ,509 ,17 ,88 ,34 ,13 ,16 ,41 ,30 ,11 ,5 
2021-10-14,746 ,47 ,46 ,142 ,10 ,6 ,6 ,3 ,690 ,22 ,48 ,47 ,16 ,19 ,45 ,35 ,9 ,1 
2021-10-15,681 ,32 ,38 ,96 ,6 ,12 ,8 ,3 ,611 ,21 ,47 ,33 ,11 ,24 ,34 ,13 ,10 ,3 
2021-10-16,584 ,22 ,47 ,103 ,6 ,9 ,7 ,1 ,587 ,19 ,69 ,39 ,16 ,24 ,52 ,17 ,7 ,7 
2021-10-17,506 ,36 ,40 ,109 ,9 ,8 ,4 ,-,491 ,24 ,41 ,44 ,15 ,22 ,28 ,30 ,5 ,8 
2021-10-18,355 ,35 ,45 ,85 ,4 ,5 ,3 ,2 ,364 ,8 ,30 ,33 ,18 ,9 ,18 ,29 ,6 ,-
2021-10-19,298 ,39 ,35 ,93 ,3 ,15 ,-,-,401 ,7 ,42 ,40 ,14 ,14 ,42 ,20 ,5 ,5 
2021-10-20,504 ,35 ,36 ,109 ,12 ,9 ,7 ,3 ,588 ,27 ,69 ,43 ,9 ,9 ,75 ,33 ,3 ,-
2021-10-21,506 ,29 ,26 ,105 ,15 ,8 ,1 ,8 ,526 ,31 ,57 ,44 ,10 ,12 ,35 ,20 ,6 ,2 
2021-10-22,519 ,44 ,21 ,121 ,3 ,5 ,3 ,1 ,516 ,18 ,41 ,27 ,16 ,15 ,45 ,34 ,6 ,2 
2021-10-23,551 ,40 ,21 ,106 ,9 ,8 ,6 ,2 ,518 ,20 ,47 ,42 ,19 ,5 ,35 ,72 ,3 ,4 
2021-10-24,519 ,32 ,31 ,103 ,4 ,8 ,3 ,-,521 ,13 ,39 ,64 ,10 ,9 ,24 ,27 ,8 ,7 
2021-10-25,455 ,24 ,32 ,96 ,3 ,4 ,4 ,-,401 ,20 ,42 ,27 ,24 ,5 ,16 ,18 ,11 ,8 
2021-10-26,427 ,33 ,61 ,74 ,5 ,13 ,9 ,6 ,431 ,25 ,31 ,40 ,41 ,6 ,20 ,29 ,6 ,8 
2021-10-27,729 ,43 ,39 ,125 ,9 ,15 ,8 ,1 ,740 ,19 ,29 ,59 ,30 ,6 ,42 ,45 ,7 ,6 
2021-10-28,788 ,52 ,106 ,137 ,7 ,6 ,6 ,2 ,707 ,22 ,54 ,82 ,41 ,12 ,41 ,35 ,4 ,8 
2021-10-29,769 ,43 ,117 ,132 ,5 ,9 ,4 ,1 ,762 ,21 ,35 ,68 ,56 ,13 ,42 ,34 ,4 ,8 
2021-10-30,705 ,45 ,90 ,123 ,16 ,7 ,3 ,4 ,719 ,25 ,46 ,56 ,26 ,12 ,40 ,173 ,9 ,4 
2021-10-31,760 ,58 ,57 ,157 ,23 ,11 ,5 ,4 ,701 ,23 ,27 ,62 ,21 ,30 ,56 ,61 ,1 ,4 
2021-11-01,646 ,55 ,57 ,127 ,5 ,9 ,12 ,2 ,564 ,13 ,21 ,47 ,24 ,18 ,27 ,50 ,2 ,5 
2021-11-02,600 ,28 ,42 ,113 ,17 ,28 ,7 ,5 ,501 ,29 ,24 ,69 ,14 ,34 ,21 ,54 ,2 ,1 
2021-11-03,"1,002 ",80 ,66 ,183 ,12 ,19 ,7 ,1 ,899 ,29 ,48 ,91 ,43 ,21 ,31 ,108 ,17 ,8 
2021-11-04,946 ,59 ,66 ,171 ,14 ,17 ,4 ,-,873 ,39 ,47 ,88 ,38 ,17 ,39 ,36 ,17 ,11 
2021-11-05,979 ,56 ,43 ,152 ,12 ,24 ,5 ,2 ,742 ,22 ,35 ,110 ,16 ,15 ,84 ,33 ,7 ,5 
2021-11-06,915 ,59 ,38 ,144 ,18 ,21 ,12 ,2 ,692 ,42 ,43 ,65 ,35 ,40 ,35 ,73 ,4 ,8 
2021-11-07,848 ,40 ,55 ,161 ,20 ,23 ,1 ,2 ,703 ,42 ,54 ,66 ,22 ,31 ,94 ,46 ,14 ,2 
2021-11-08,707 ,34 ,34 ,98 ,28 ,22 ,5 ,1 ,544 ,30 ,35 ,62 ,21 ,17 ,60 ,40 ,16 ,4 
2021-11-09,662 ,46 ,44 ,111 ,11 ,25 ,4 ,3 ,528 ,21 ,17 ,60 ,12 ,21 ,48 ,77 ,20 ,5 
2021-11-10,972 ,74 ,33 ,159 ,22 ,23 ,5 ,4 ,867 ,23 ,31 ,58 ,36 ,7 ,36 ,60 ,11 ,3 
2021-11-11,"1,003 ",69 ,42 ,187 ,32 ,34 ,20 ,6 ,821 ,29 ,34 ,50 ,39 ,17 ,33 ,76 ,14 ,13 
2021-11-12,948 ,63 ,70 ,120 ,11 ,25 ,4 ,6 ,792 ,30 ,26 ,59 ,65 ,15 ,41 ,68 ,21 ,4 
2021-11-13,"1,005 ",64 ,73 ,166 ,31 ,32 ,1 ,1 ,648 ,31 ,23 ,77 ,58 ,19 ,35 ,41 ,15 ,4 
2021-11-14,978 ,82 ,72 ,156 ,19 ,18 ,7 ,2 ,799 ,31 ,27 ,54 ,44 ,26 ,42 ,44 ,14 ,3 
2021-11-15,856 ,68 ,49 ,102 ,26 ,33 ,4 ,1 ,602 ,35 ,18 ,57 ,38 ,19 ,34 ,46 ,10 ,5 
2021-11-16,846 ,87 ,38 ,131 ,11 ,34 ,9 ,6 ,658 ,51 ,28 ,42 ,56 ,29 ,9 ,45 ,43 ,1 
2021-11-17,"1,433 ",103 ,56 ,159 ,34 ,46 ,14 ,16 ,964 ,54 ,28 ,71 ,50 ,36 ,26 ,66 ,23 ,5 
2021-11-18,"1,429 ",90 ,73 ,195 ,34 ,36 ,10 ,10 ,967 ,62 ,26 ,82 ,54 ,40 ,51 ,98 ,28 ,7 
2021-11-19,"1,400 ",77 ,47 ,188 ,24 ,53 ,4 ,3 ,849 ,72 ,20 ,56 ,24 ,46 ,49 ,78 ,31 ,12 
2021-11-20,"1,370 ",86 ,61 ,204 ,39 ,32 ,5 ,7 ,993 ,59 ,34 ,74 ,30 ,66 ,35 ,79 ,23 ,6 
2021-11-21,"1,319 ",86 ,44 ,206 ,70 ,43 ,9 ,7 ,992 ,75 ,20 ,47 ,41 ,38 ,26 ,76 ,15 ,5 
2021-11-22,"1,278 ",90 ,53 ,161 ,57 ,36 ,10 ,5 ,819 ,55 ,26 ,47 ,34 ,27 ,39 ,65 ,17 ,7 
2021-11-23,"1,164 ",56 ,50 ,131 ,55 ,68 ,7 ,8 ,773 ,66 ,20 ,76 ,42 ,20 ,51 ,80 ,29 ,1 
2021-11-24,"1,734 ",120 ,78 ,221 ,46 ,51 ,11 ,7 ,"1,184 ",65 ,40 ,291 ,34 ,52 ,65 ,87 ,22 ,7 
2021-11-25,"1,760 ",97 ,81 ,260 ,35 ,50 ,13 ,20 ,"1,101 ",87 ,39 ,111 ,35 ,42 ,98 ,74 ,29 ,5 
2021-11-26,"1,739 ",98 ,103 ,248 ,31 ,44 ,13 ,15 ,"1,119 ",52 ,25 ,87 ,46 ,38 ,115 ,86 ,32 ,4 
2021-11-27,"1,888 ",105 ,76 ,288 ,35 ,38 ,7 ,11 ,"1,109 ",93 ,39 ,78 ,50 ,36 ,96 ,86 ,27 ,5 
2021-11-28,"1,673 ",148 ,106 ,278 ,52 ,53 ,4 ,5 ,"1,090 ",63 ,25 ,121 ,45 ,25 ,103 ,89 ,35 ,10 
2021-11-29,"1,392 ",144 ,88 ,233 ,61 ,43 ,2 ,15 ,910 ,56 ,33 ,52 ,49 ,28 ,68 ,86 ,44 ,3 
2021-11-30,"1,186 ",79 ,78 ,192 ,52 ,43 ,3 ,22 ,909 ,84 ,59 ,81 ,50 ,36 ,68 ,60 ,22 ,8 
2021-12-01,"2,220 ",143 ,86 ,326 ,29 ,88 ,17 ,20 ,"1,582 ",105 ,48 ,96 ,50 ,40 ,97 ,126 ,27 ,20 
2021-12-02,"2,266 ",158 ,70 ,355 ,39 ,166 ,18 ,8 ,"1,495 ",144 ,49 ,149 ,71 ,39 ,106 ,94 ,31 ,4 
2021-12-03,"2,099 ",141 ,99 ,307 ,45 ,97 ,20 ,7 ,"1,464 ",98 ,97 ,156 ,66 ,35 ,82 ,99 ,20 ,11 
2021-12-04,"2,273 ",201 ,90 ,284 ,39 ,126 ,7 ,8 ,"1,675 ",114 ,56 ,133 ,65 ,52 ,90 ,114 ,21 ,4 
2021-12-05,"2,031 ",207 ,117 ,337 ,40 ,141 ,16 ,16 ,"1,485 ",116 ,82 ,174 ,56 ,47 ,99 ,138 ,17 ,6 
2021-12-06,"1,408 ",193 ,146 ,302 ,43 ,105 ,15 ,13 ,"1,314 ",112 ,59 ,157 ,73 ,37 ,181 ,121 ,39 ,6 
2021-12-07,"2,118 ",160 ,129 ,251 ,47 ,121 ,14 ,11 ,"1,321 ",109 ,80 ,135 ,74 ,58 ,129 ,129 ,61 ,5 
2021-12-08,"2,900 ",253 ,127 ,433 ,57 ,185 ,26 ,16 ,"2,268 ",143 ,61 ,202 ,103 ,54 ,131 ,156 ,51 ,7 
2021-12-09,"2,789 ",252 ,132 ,497 ,36 ,167 ,49 ,16 ,"2,141 ",139 ,92 ,208 ,125 ,69 ,143 ,193 ,48 ,5 
2021-12-10,"2,798 ",303 ,163 ,465 ,35 ,157 ,43 ,10 ,"2,030 ",152 ,94 ,160 ,97 ,69 ,183 ,206 ,47 ,8 
2021-12-11,"2,833 ",319 ,143 ,464 ,25 ,118 ,34 ,7 ,"2,058 ",170 ,80 ,163 ,104 ,75 ,138 ,193 ,46 ,2 
2021-12-12,"2,527 ",328 ,137 ,458 ,71 ,115 ,50 ,15 ,"2,015 ",123 ,90 ,202 ,88 ,80 ,147 ,198 ,32 ,7 
2021-12-13,"2,550 ",241 ,144 ,389 ,37 ,78 ,39 ,12 ,"1,367 ",111 ,76 ,184 ,81 ,83 ,163 ,218 ,36 ,7 
2021-12-14,"2,060 ",206 ,130 ,348 ,71 ,151 ,85 ,20 ,"1,497 ",132 ,86 ,203 ,117 ,58 ,166 ,181 ,39 ,15 
2021-12-15,"3,165 ",343 ,178 ,476 ,59 ,164 ,59 ,26 ,"2,298 ",160 ,105 ,210 ,120 ,60 ,193 ,195 ,33 ,4 
2021-12-16,"3,053 ",346 ,158 ,511 ,44 ,129 ,76 ,28 ,"2,152 ",148 ,149 ,177 ,150 ,58 ,208 ,199 ,29 ,3 
2021-12-17,"2,846 ",388 ,159 ,572 ,42 ,162 ,57 ,25 ,"2,153 ",134 ,128 ,203 ,122 ,60 ,169 ,171 ,35 ,8 
2021-12-18,"2,793 ",362 ,215 ,600 ,57 ,120 ,46 ,43 ,"2,040 ",126 ,127 ,240 ,110 ,44 ,138 ,211 ,30 ,8 
2021-12-19,"2,317 ",363 ,152 ,493 ,29 ,149 ,39 ,23 ,"1,753 ",100 ,92 ,207 ,92 ,43 ,137 ,215 ,22 ,6 
2021-12-20,"1,905 ",365 ,111 ,375 ,52 ,112 ,36 ,16 ,"1,488 ",130 ,68 ,185 ,100 ,56 ,117 ,156 ,30 ,13 
2021-12-21,"1,994 ",234 ,138 ,383 ,76 ,126 ,35 ,20 ,"1,313 ",117 ,89 ,161 ,140 ,41 ,107 ,184 ,26 ,10 
2021-12-22,"2,805 ",431 ,133 ,479 ,106 ,156 ,39 ,47 ,"2,225 ",130 ,123 ,165 ,135 ,47 ,139 ,252 ,37 ,5 
2021-12-23,"2,718 ",432 ,168 ,422 ,66 ,133 ,44 ,19 ,"1,949 ",120 ,85 ,183 ,149 ,69 ,134 ,200 ,17 ,6 
2021-12-24,"2,346 ",421 ,151 ,438 ,54 ,81 ,43 ,36 ,"1,668 ",130 ,91 ,180 ,118 ,69 ,144 ,230 ,25 ,8 
2021-12-25,"2,120 ",341 ,103 ,400 ,78 ,104 ,63 ,21 ,"1,680 ",147 ,83 ,161 ,115 ,53 ,128 ,213 ,15 ,13 
2021-12-26,"1,915 ",371 ,120 ,326 ,67 ,84 ,53 ,12 ,"1,653 ",107 ,80 ,117 ,98 ,48 ,130 ,201 ,28 ,5 
2021-12-27,"1,495 ",270 ,130 ,234 ,60 ,40 ,42 ,10 ,"1,172 ",120 ,63 ,148 ,89 ,30 ,71 ,200 ,16 ,14 
2021-12-28,"1,289 ",237 ,149 ,241 ,70 ,80 ,39 ,18 ,"1,063 ",79 ,65 ,128 ,90 ,38 ,86 ,176 ,6 ,10 
2021-12-29,"1,913 ",296 ,139 ,314 ,80 ,79 ,49 ,21 ,"1,632 ",87 ,101 ,119 ,109 ,39 ,104 ,265 ,33 ,26 
2021-12-30,"1,721 ",256 ,117 ,318 ,102 ,90 ,40 ,21 ,"1,465 ",91 ,80 ,123 ,230 ,48 ,82 ,196 ,21 ,33 
2021-12-31,"1,667 ",260 ,132 ,304 ,85 ,71 ,40 ,17 ,"1,476 ",72 ,74 ,137 ,99 ,60 ,105 ,231 ,16 ,26 
2022-01-01,"1,463 ",212 ,125 ,241 ,92 ,65 ,50 ,16 ,"1,391 ",59 ,104 ,138 ,85 ,48 ,116 ,162 ,23 ,24 
2022-01-02,"1,180 ",216 ,86 ,233 ,93 ,59 ,58 ,12 ,"1,277 ",59 ,50 ,101 ,79 ,42 ,94 ,141 ,19 ,31 
2022-01-03,989 ,173 ,98 ,187 ,75 ,49 ,38 ,10 ,917 ,54 ,47 ,115 ,86 ,35 ,49 ,132 ,28 ,42 
2022-01-04,937 ,145 ,84 ,171 ,61 ,34 ,34 ,11 ,947 ,63 ,61 ,114 ,92 ,46 ,62 ,116 ,18 ,26 
2022-01-05,"1,410 ",255 ,112 ,271 ,75 ,51 ,48 ,17 ,"1,467 ",69 ,68 ,139 ,97 ,60 ,97 ,114 ,43 ,48 
2022-01-06,"1,207 ",228 ,110 ,282 ,91 ,41 ,30 ,18 ,"1,526 ",57 ,45 ,79 ,70 ,59 ,89 ,103 ,19 ,67 
2022-01-07,"1,035 ",207 ,99 ,181 ,87 ,29 ,38 ,14 ,"1,261 ",90 ,90 ,113 ,84 ,124 ,109 ,102 ,10 ,38 
2022-01-08,989 ,181 ,108 ,203 ,89 ,47 ,27 ,12 ,"1,207 ",81 ,53 ,96 ,67 ,96 ,85 ,101 ,9 ,52 
2022-01-09,961 ,158 ,108 ,185 ,92 ,40 ,34 ,13 ,"1,114 ",77 ,34 ,111 ,76 ,112 ,93 ,97 ,11 ,53 
2022-01-10,780 ,165 ,93 ,125 ,133 ,33 ,23 ,13 ,"1,014 ",60 ,30 ,101 ,96 ,86 ,88 ,80 ,13 ,71 
2022-01-11,755 ,115 ,71 ,154 ,176 ,43 ,22 ,16 ,"1,113 ",88 ,53 ,105 ,58 ,88 ,60 ,92 ,15 ,70 
2022-01-12,"1,091 ",164 ,93 ,262 ,158 ,90 ,27 ,14 ,"1,628 ",117 ,68 ,114 ,58 ,164 ,77 ,119 ,5 ,133 
2022-01-13,974 ,162 ,124 ,240 ,188 ,68 ,27 ,7 ,"1,534 ",89 ,61 ,131 ,106 ,136 ,99 ,115 ,7 ,92 
2022-01-14,937 ,127 ,90 ,266 ,223 ,66 ,40 ,8 ,"1,856 ",144 ,71 ,106 ,102 ,133 ,93 ,126 ,6 ,143 
2022-01-15,910 ,143 ,126 ,248 ,207 ,53 ,17 ,15 ,"1,823 ",79 ,82 ,121 ,123 ,154 ,95 ,116 ,13 ,94 
2022-01-16,920 ,145 ,157 ,259 ,183 ,53 ,19 ,20 ,"1,586 ",74 ,39 ,114 ,123 ,169 ,108 ,123 ,8 ,86 
2022-01-17,787 ,117 ,176 ,199 ,242 ,82 ,19 ,7 ,"1,427 ",79 ,42 ,104 ,124 ,166 ,95 ,119 ,12 ,58 
2022-01-18,760 ,114 ,171 ,196 ,184 ,107 ,35 ,23 ,"1,530 ",94 ,59 ,145 ,151 ,139 ,138 ,142 ,3 ,77 
2022-01-19,"1,230 ",190 ,213 ,424 ,226 ,118 ,44 ,26 ,"2,176 ",148 ,81 ,183 ,143 ,154 ,170 ,201 ,13 ,64 
2022-01-20,"1,362 ",203 ,364 ,418 ,354 ,97 ,72 ,9 ,"2,418 ",111 ,175 ,217 ,138 ,160 ,226 ,223 ,10 ,43 
2022-01-21,"1,551 ",216 ,388 ,452 ,242 ,111 ,82 ,17 ,"2,428 ",161 ,87 ,193 ,165 ,199 ,234 ,188 ,14 ,36 
2022-01-22,"1,590 ",236 ,444 ,570 ,252 ,119 ,51 ,12 ,"2,422 ",99 ,150 ,200 ,171 ,154 ,207 ,220 ,18 ,85 
2022-01-23,"1,693 ",292 ,458 ,610 ,316 ,159 ,91 ,24 ,"2,712 ",89 ,110 ,207 ,140 ,196 ,215 ,226 ,27 ,60 
2022-01-24,"1,679 ",298 ,479 ,582 ,286 ,158 ,69 ,33 ,"2,441 ",100 ,147 ,265 ,200 ,206 ,234 ,234 ,20 ,79 
2022-01-25,"1,722 ",343 ,489 ,670 ,315 ,226 ,101 ,69 ,"2,916 ",165 ,124 ,311 ,238 ,191 ,281 ,344 ,32 ,31 
2022-01-26,"3,175 ",563 ,670 ,879 ,396 ,370 ,148 ,77 ,"4,220 ",163 ,246 ,417 ,299 ,286 ,445 ,541 ,53 ,54 
2022-01-27,"3,429 ",741 ,770 ,"1,026 ",343 ,413 ,148 ,76 ,"4,765 ",189 ,294 ,439 ,310 ,294 ,489 ,660 ,72 ,56 
2022-01-28,"3,990 ",821 ,864 ,"1,244 ",422 ,370 ,158 ,58 ,"5,173 ",212 ,299 ,536 ,381 ,327 ,538 ,603 ,44 ,49 
2022-01-29,"4,196 ",808 ,879 ,"1,613 ",422 ,429 ,199 ,43 ,"5,629 ",207 ,310 ,507 ,543 ,314 ,589 ,697 ,76 ,46 
2022-01-30,"4,182 ",851 ,908 ,"1,316 ",477 ,449 ,212 ,76 ,"5,710 ",221 ,351 ,675 ,436 ,319 ,597 ,629 ,69 ,42 
2022-01-31,"4,189 ",770 ,980 ,"1,225 ",482 ,446 ,202 ,78 ,"5,104 ",277 ,356 ,676 ,530 ,293 ,587 ,753 ,74 ,50 
2022-02-01,"4,129 ",980 ,965 ,"1,381 ",500 ,462 ,253 ,108 ,"5,535 ",254 ,408 ,730 ,585 ,411 ,619 ,858 ,86 ,69 
2022-02-02,"4,208 ","1,267 ","1,147 ","1,400 ",618 ,481 ,300 ,140 ,"6,049 ",354 ,459 ,889 ,656 ,468 ,777 ,901 ,122 ,31 
2022-02-03,"5,218 ","1,280 ","1,256 ","1,535 ",694 ,559 ,270 ,138 ,"6,556 ",469 ,570 ,915 ,946 ,454 ,935 ,910 ,168 ,29 
2022-02-04,"6,158 ","1,724 ","1,713 ","1,781 ",829 ,762 ,471 ,251 ,"7,226 ",636 ,628 ,"1,072 ","1,063 ",648 ,"1,144 ","1,064 ",212 ,51 
2022-02-05,"8,595 ","1,931 ","1,640 ","2,500 ","1,244 ","1,032 ",503 ,296 ,"10,444 ",697 ,774 ,"1,158 ","1,282 ",965 ,"1,485 ","1,483 ",242 ,53 
2022-02-06,"7,821 ","2,172 ","1,970 ","2,238 ","1,186 ","1,190 ",571 ,270 ,"11,949 ",786 ,953 ,"1,526 ","1,012 ","1,192 ","1,749 ","1,763 ",285 ,51 
2022-02-07,"6,886 ","1,927 ","1,971 ","2,376 ","1,209 ",969 ,593 ,262 ,"9,793 ",740 ,885 ,"1,472 ","1,271 ","1,133 ","1,685 ","1,672 ",369 ,56 
2022-02-08,"5,908 ","1,921 ","1,786 ","2,982 ","1,241 ",943 ,501 ,244 ,"12,136 ",738 ,799 ,"1,401 ","1,226 ","1,015 ","1,545 ","1,901 ",380 ,41 
2022-02-09,"11,680 ","3,035 ","2,414 ","3,930 ","1,503 ","1,130 ",791 ,287 ,"13,635 ",945 ,"1,377 ","1,767 ","1,562 ","1,128 ","1,958 ","1,943 ",412 ,42 
2022-02-10,"11,874 ","2,631 ","2,329 ","3,995 ","1,427 ","1,449 ",732 ,273 ,"17,751 ",964 ,"1,082 ","1,716 ","1,770 ","1,495 ","1,818 ","2,339 ",448 ,23 
2022-02-11,"11,530 ","3,011 ","2,494 ","3,745 ","1,408 ","1,423 ",795 ,332 ,"17,953 ","1,087 ","1,155 ","1,586 ","1,506 ","1,241 ","1,926 ","2,191 ",475 ,36 
2022-02-12,"13,198 ","3,051 ","2,370 ","5,068 ","1,576 ","1,511 ",726 ,326 ,"15,953 ",960 ,"1,156 ","2,186 ","1,548 ","1,214 ","1,831 ","1,699 ",503 ,55 
2022-02-13,"11,823 ","3,442 ","2,573 ","4,474 ","1,540 ","1,495 ",805 ,384 ,"17,067 ",985 ,"1,331 ","2,355 ","1,642 ","1,181 ","2,054 ","2,666 ",554 ,30 
2022-02-14,"11,547 ","3,520 ","2,606 ","3,578 ","1,539 ","1,613 ",676 ,353 ,"15,869 ","1,092 ","1,542 ","2,495 ","1,591 ","1,264 ","1,917 ","2,805 ",507 ,40 
2022-02-15,"12,453 ","3,090 ","2,362 ","4,899 ","1,608 ","1,576 ",775 ,415 ,"17,239 ","1,179 ","1,327 ","2,218 ","1,579 ","1,301 ","1,765 ","2,770 ",551 ,56 
2022-02-16,"18,877 ","6,483 ","4,190 ","5,821 ","2,298 ","2,590 ","1,759 ",696 ,"27,963 ","1,784 ","2,203 ","3,003 ","2,561 ","1,929 ","2,868 ","4,448 ",924 ,38 
2022-02-17,"19,685 ","6,219 ","4,199 ","7,236 ","2,610 ","2,702 ","1,688 ",655 ,"28,446 ","1,729 ","2,168 ","3,015 ","2,574 ","1,893 ","2,901 ","4,480 ",882 ,38 
2022-02-18,"25,648 ","6,577 ","4,538 ","7,343 ","2,669 ","2,980 ","1,947 ",703 ,"36,501 ","1,932 ","2,546 ","2,944 ","2,510 ","1,911 ","3,285 ","4,622 ","1,113 ",39 
2022-02-19,"23,188 ","6,535 ","4,223 ","7,816 ","2,741 ","3,032 ","1,829 ",677 ,"30,638 ","1,799 ","2,394 ","4,077 ","2,492 ","1,899 ","3,186 ","4,417 ","1,205 ",47 
2022-02-20,"22,098 ","6,946 ","4,707 ","9,189 ","2,661 ","3,110 ","1,919 ",658 ,"31,327 ","1,999 ","2,312 ","3,348 ","2,791 ","2,064 ","3,349 ","5,092 ","1,230 ",20 
2022-02-21,"20,015 ","7,541 ","4,160 ","7,364 ","2,589 ","2,907 ","1,593 ",646 ,"26,774 ","2,015 ","2,226 ","3,313 ","2,728 ","2,069 ","3,249 ","5,045 ","1,080 ",36 
2022-02-22,"21,799 ","6,140 ","4,158 ","7,772 ","3,247 ","2,848 ","1,939 ",648 ,"29,560 ","2,057 ","2,187 ","3,336 ","2,463 ","2,109 ","3,126 ","4,839 ","1,300 ",29 
2022-02-23,"41,465 ","12,816 ","6,306 ","11,057 ","4,225 ","4,078 ","3,447 ","1,079 ","53,526 ","3,192 ","3,474 ","4,838 ","4,024 ","3,083 ","4,995 ","8,023 ","1,760 ",46 
2022-02-24,"37,170 ","11,835 ","7,148 ","13,862 ","4,136 ","4,504 ","3,231 ","1,082 ","51,317 ","3,121 ","4,354 ","4,987 ","3,908 ","3,367 ","5,204 ","9,215 ","1,505 ",53 
2022-02-25,"35,612 ","12,735 ","6,290 ","12,847 ","4,604 ","4,406 ","3,532 ","1,064 ","48,079 ","3,428 ","3,968 ","5,184 ","4,216 ","3,532 ","5,392 ","8,899 ","2,061 ",30 
2022-02-26,"36,826 ","13,017 ","6,991 ","12,113 ","4,883 ","4,266 ","3,128 ",998 ,"48,146 ","3,264 ","3,791 ","5,284 ","4,161 ","3,436 ","5,305 ","8,645 ","1,917 ",19 
2022-02-27,"35,347 ","13,675 ","6,157 ","11,132 ","4,273 ","4,048 ","3,315 ",921 ,"46,800 ","3,380 ","4,090 ","5,962 ","4,216 ","3,413 ","5,383 ","9,246 ","2,167 ",28 
2022-02-28,"27,973 ","12,617 ","5,825 ","10,741 ","4,167 ","3,683 ","2,484 ",834 ,"37,257 ","3,318 ","3,051 ","5,084 ","4,070 ","3,320 ","4,940 ","8,413 ","1,806 ",39 
2022-03-01,"27,883 ","11,204 ","5,382 ","8,956 ","4,806 ","3,674 ","2,944 ",876 ,"39,207 ","3,477 ","3,501 ","4,853 ","3,938 ","3,283 ","4,668 ","8,031 ","2,271 ",28 
2022-03-02,"46,930 ","16,099 ","7,116 ","12,103 ","5,259 ","5,291 ","5,121 ","1,412 ","68,615 ","4,970 ","5,573 ","6,915 ","6,413 ","4,996 ","6,966 ","13,200 ","2,207 ",28 
2022-03-03,"43,673 ","14,258 ","8,080 ","15,964 ","6,998 ","5,067 ","3,389 ","1,022 ","51,940 ","4,615 ","4,828 ","6,639 ","5,285 ","5,243 ","6,533 ","11,944 ","3,293 ",23 
2022-03-04,"59,267 ","23,202 ","9,494 ","16,682 ","6,773 ","5,957 ","5,813 ","1,577 ","76,721 ","5,585 ","6,741 ","8,263 ","6,539 ","6,411 ","8,382 ","15,998 ","3,399 ",35 
2022-03-05,"53,189 ","21,821 ","9,563 ","18,838 ","7,407 ","5,693 ","5,581 ","1,458 ","70,243 ","5,916 ","6,943 ","8,010 ","6,988 ","5,967 ","8,221 ","15,155 ","3,285 ",38 
2022-03-06,"49,448 ","26,201 ","8,895 ","14,859 ","6,657 ","6,189 ","5,015 ","1,384 ","66,834 ","5,708 ","6,235 ","7,285 ","6,851 ","5,706 ","8,199 ","14,424 ","3,691 ",30 
2022-03-07,"39,553 ","26,450 ","7,789 ","15,324 ","6,472 ","5,760 ","3,913 ","1,163 ","51,104 ","5,451 ","4,901 ","6,775 ","6,065 ","5,737 ","7,512 ","13,450 ","3,233 ",43 
2022-03-08,"37,478 ","19,355 ","7,585 ","12,606 ","6,473 ","5,609 ","4,560 ","1,349 ","52,727 ","5,460 ","5,733 ","6,996 ","6,263 ","6,014 ","7,374 ","14,028 ","3,054 ",31 
2022-03-09,"74,220 ","31,152 ","12,896 ","18,826 ","7,418 ","7,977 ","6,582 ","2,214 ","96,677 ","8,685 ","9,148 ","10,825 ","9,679 ","7,951 ","12,286 ","22,006 ","3,857 ",22 
2022-03-10,"66,850 ","31,570 ","11,600 ","21,974 ","6,300 ","7,884 ","8,788 ","1,944 ","88,139 ","8,172 ","8,763 ","10,665 ","10,075 ","8,465 ","11,964 ","19,411 ","4,923 ",28 
2022-03-11,"56,599 ","22,918 ","10,304 ","17,457 ","8,848 ","7,212 ","5,261 ","1,840 ","72,420 ","7,482 ","7,912 ","10,798 ","8,852 ","8,985 ","10,315 ","21,428 ","4,289 ",46 
2022-03-12,"80,434 ","31,962 ","13,414 ","23,737 ","8,953 ","8,515 ","9,098 ","2,512 ","107,934 ","9,434 ","9,875 ","13,643 ","10,834 ","10,215 ","13,566 ","24,280 ","5,191 ",40 
2022-03-13,"67,809 ","33,429 ","12,695 ","20,236 ","7,193 ","8,650 ","9,167 ","2,325 ","91,460 ","9,378 ","9,995 ","10,740 ","11,441 ","9,544 ","13,771 ","26,098 ","6,203 ",16 
2022-03-14,"56,800 ","27,755 ","12,406 ","18,239 ","8,339 ","8,290 ","5,335 ","2,139 ","77,414 ","9,045 ","8,324 ","12,328 ","11,173 ","10,932 ","12,618 ","23,765 ","4,827 ",36 
2022-03-15,"66,053 ","26,144 ","14,347 ","20,443 ","11,172 ","8,307 ","8,302 ","2,514 ","102,959 ","9,703 ","10,921 ","16,287 ","11,259 ","11,449 ","14,534 ","23,928 ","3,900 ",28 
2022-03-16,"81,382 ","39,332 ","16,751 ","28,454 ","10,425 ","8,811 ","10,362 ","2,032 ","94,772 ","9,652 ","13,743 ","13,701 ","15,390 ","9,311 ","16,781 ","21,894 ","7,677 ",60 
2022-03-17,"128,345 ","42,421 ","24,465 ","32,964 ","16,946 ","12,477 ","14,766 ","5,234 ","181,955 ","15,447 ","17,740 ","22,987 ","18,589 ","18,945 ","19,163 ","44,533 ","4,142 ",23 
2022-03-18,"81,983 ","25,478 ","16,012 ","25,795 ","15,446 ","11,331 ","7,802 ","3,116 ","113,646 ","11,401 ","12,169 ","14,238 ","10,886 ","11,358 ","18,028 ","23,720 ","4,409 ",22 
2022-03-19,"82,111 ","25,747 ","14,839 ","20,838 ","11,566 ","10,852 ","7,849 ","3,121 ","101,507 ","10,540 ","11,966 ","15,625 ","9,921 ","10,778 ","14,942 ","22,733 ","6,386 ",46 
2022-03-20,"65,851 ","19,530 ","13,609 ","19,148 ","10,030 ","11,482 ","7,321 ","1,951 ","88,444 ","9,196 ","11,254 ","12,642 ","9,682 ","10,894 ","12,985 ","24,334 ","6,223 ",15 
2022-03-21,"41,062 ","8,976 ","6,125 ","12,085 ","8,460 ","8,389 ","4,238 ","2,370 ","56,895 ","6,609 ","5,371 ","8,726 ","7,897 ","6,857 ","9,774 ","11,968 ","3,290 ",22 
2022-03-22,"65,007 ","24,698 ","17,355 ","17,567 ","6,985 ","9,871 ","8,219 ","3,334 ","96,234 ","10,428 ","11,823 ","15,147 ","12,582 ","12,274 ","14,428 ","24,702 ","3,191 ",34 
2022-03-23,"101,106 ","26,042 ","20,864 ","24,940 ","12,185 ","14,524 ","11,028 ","3,452 ","136,875 ","14,318 ","16,649 ","18,871 ","15,906 ","15,430 ","20,781 ","32,188 ","5,570 ",27 
2022-03-24,"77,741 ","18,733 ","15,695 ","24,691 ","12,465 ","11,268 ","8,355 ","3,746 ","107,456 ","11,526 ","12,582 ","16,427 ","12,914 ","13,689 ","18,100 ","25,063 ","5,028 ",38 
2022-03-25,"66,929 ","16,704 ","14,006 ","21,773 ","10,262 ","8,258 ","7,430 ","3,482 ","87,686 ","10,541 ","11,551 ","13,816 ","12,824 ","12,669 ","15,060 ","21,665 ","4,787 ",13 
2022-03-26,"64,012 ","16,358 ","14,213 ","16,781 ","9,908 ","11,199 ","7,447 ","3,005 ","90,757 ","10,042 ","11,612 ","13,165 ","12,201 ","12,847 ","15,172 ","22,677 ","4,081 ",36 
2022-03-27,"59,136 ","14,449 ","13,218 ","21,560 ","8,932 ","8,963 ","6,860 ","2,344 ","85,359 ","9,259 ","10,805 ","13,784 ","10,847 ","12,293 ","14,672 ","20,550 ","5,007 ",16 
2022-03-28,"34,184 ","6,645 ","5,232 ","11,723 ","7,480 ","5,279 ","3,759 ","2,217 ","50,554 ","6,935 ","5,833 ","7,954 ","6,942 ","8,397 ","9,399 ","11,621 ","2,999 ",15 
2022-03-29,"66,064 ","19,962 ","17,814 ","18,820 ","7,917 ","11,123 ","7,573 ","2,476 ","88,674 ","10,507 ","13,070 ","13,993 ","15,092 ","13,629 ","14,908 ","22,496 ","3,329 ",20 
2022-03-30,"81,803 ","16,443 ","17,838 ","23,257 ","12,300 ","11,250 ","9,094 ","4,246 ","117,006 ","13,112 ","15,577 ","18,963 ","13,250 ","17,461 ","20,158 ","27,035 ","5,744 ",20 
2022-03-31,"60,119 ","13,049 ","12,710 ","18,124 ","11,361 ","10,058 ","6,307 ","3,890 ","84,637 ","10,665 ","11,319 ","14,361 ","11,294 ","13,703 ","14,688 ","19,314 ","5,074 ",10 
2022-04-01,"51,710 ","11,853 ","11,381 ","14,795 ","9,286 ","8,093 ","5,813 ","2,729 ","75,612 ","9,062 ","10,163 ","13,142 ","10,640 ","11,824 ","12,974 ","17,252 ","3,873 ",33 
2022-04-02,"48,668 ","10,690 ","11,275 ","14,282 ","8,033 ","7,989 ","5,594 ","2,370 ","71,515 ","9,056 ","9,325 ","11,903 ","9,462 ","11,159 ","13,069 ","15,942 ","3,771 ",41 
2022-04-03,"42,098 ","9,114 ","9,695 ","13,391 ","7,001 ","6,972 ","5,049 ","1,961 ","62,126 ","7,496 ","8,774 ","11,168 ","8,510 ","10,438 ","11,752 ","15,119 ","3,579 ",8 
2022-04-04,"20,891 ","4,079 ","3,451 ","5,545 ","5,800 ","4,584 ","2,481 ","1,627 ","36,927 ","5,217 ","3,951 ","5,642 ","5,087 ","5,958 ","6,270 ","7,385 ","2,261 ",6 
2022-04-05,"51,490 ","12,262 ","13,538 ","15,352 ","7,471 ","7,779 ","5,458 ","2,245 ","69,356 ","8,256 ","9,422 ","12,013 ","10,253 ","10,987 ","11,310 ","16,185 ","2,710 ",10 
2022-04-06,"52,425 ","10,485 ","12,102 ","14,845 ","9,152 ","9,071 ","6,286 ","2,175 ","76,895 ","10,009 ","10,263 ","13,572 ","10,480 ","12,387 ","14,771 ","17,177 ","4,158 ",5 
2022-04-07,"39,878 ","8,454 ","9,752 ","11,270 ","8,134 ","7,397 ","4,647 ","2,630 ","60,248 ","7,633 ","8,222 ","10,334 ","8,275 ","9,908 ","11,312 ","13,465 ","3,214 ",10 
2022-04-08,"36,208 ","7,472 ","9,222 ","10,557 ","7,318 ","6,927 ","4,243 ","1,891 ","54,808 ","7,433 ","7,356 ","9,507 ","8,257 ","8,672 ","10,384 ","12,192 ","2,854 ",8 
2022-04-09,"32,316 ","7,006 ","7,680 ","9,757 ","6,486 ","7,005 ","3,756 ","1,492 ","48,191 ","6,619 ","6,743 ","8,803 ","7,184 ","8,436 ","10,442 ","10,858 ","2,739 ",19 
2022-04-10,"28,896 ","5,981 ","7,066 ","8,593 ","5,335 ","5,403 ","3,832 ","1,353 ","42,345 ","5,661 ","6,319 ","7,997 ","6,728 ","7,800 ","8,400 ","10,180 ","2,553 ",11 
2022-04-11,"14,246 ","2,505 ","2,992 ","4,385 ","3,979 ","3,675 ","1,782 ","1,101 ","25,770 ","3,377 ","2,803 ","4,222 ","3,760 ","4,448 ","5,068 ","5,081 ","1,711 ",7 
2022-04-12,"39,512 ","9,608 ","11,366 ","11,647 ","6,658 ","6,816 ","4,192 ","1,796 ","54,183 ","6,840 ","7,811 ","10,069 ","8,137 ","9,087 ","8,881 ","12,561 ","1,544 ",14 
2022-04-13,"33,071 ","6,367 ","8,356 ","9,665 ","7,407 ","6,516 ","4,050 ","1,387 ","51,786 ","7,243 ","7,404 ","9,244 ","8,005 ","8,447 ","12,062 ","11,338 ","3,022 ",17 
2022-04-14,"24,970 ","5,394 ","6,635 ","7,629 ","5,661 ","5,159 ","3,043 ","1,721 ","37,988 ","5,428 ","5,536 ","6,805 ","6,532 ","6,911 ","8,042 ","8,764 ","2,185 ",18 
2022-04-15,"21,443 ","4,587 ","5,520 ","6,689 ","4,725 ","4,502 ","2,712 ","1,195 ","32,577 ","4,561 ","4,637 ","5,979 ","5,343 ","5,720 ","6,712 ","7,112 ","1,803 ",4 
2022-04-16,"18,113 ","3,907 ","4,703 ","5,604 ","4,094 ","3,836 ","2,147 ",946 ,"27,478 ","3,961 ","4,149 ","5,272 ","4,571 ","4,971 ","6,158 ","6,354 ","1,619 ",8 
2022-04-17,"14,801 ","3,373 ","4,208 ","4,874 ","3,561 ","3,557 ","2,018 ",755 ,"23,111 ","3,113 ","3,560 ","5,441 ","4,156 ","4,396 ","5,052 ","5,516 ","1,468 ",10 
2022-04-18,"7,342 ","1,348 ","1,626 ","2,485 ","1,950 ","1,735 ",931 ,474 ,"13,920 ","1,850 ","1,450 ","2,404 ","2,066 ","2,132 ","2,789 ","2,364 ",853 ,6 
2022-04-19,"21,814 ","5,382 ","6,500 ","6,668 ","3,019 ","3,474 ","2,387 ","1,089 ","29,661 ","4,429 ","4,372 ","5,470 ","4,970 ","5,081 ","5,833 ","7,106 ","1,213 ",6 
2022-04-20,"18,318 ","3,747 ","5,014 ","5,434 ","4,071 ","3,891 ","2,501 ","1,069 ","28,547 ","4,497 ","4,272 ","5,243 ","4,831 ","4,931 ","7,189 ","6,335 ","1,398 ",2 
2022-04-21,"15,187 ","3,538 ","4,202 ","4,667 ","3,176 ","3,005 ","1,946 ",795 ,"22,614 ","3,418 ","3,508 ","4,376 ","3,899 ","3,974 ","5,661 ","5,572 ","1,285 ",23 
2022-04-22,"13,188 ","3,129 ","4,030 ","4,097 ","2,806 ","2,859 ","1,852 ",570 ,"20,427 ","3,169 ","3,056 ","3,844 ","3,348 ","3,827 ","5,021 ","4,625 ","1,189 ",4 
2022-04-23,"12,343 ","3,119 ","3,966 ","3,669 ","2,826 ","2,663 ","1,740 ",626 ,"18,436 ","2,797 ","2,730 ","3,873 ","3,297 ","3,558 ","4,433 ","4,310 ","1,022 ",12 
2022-04-24,"10,373 ","2,673 ","3,398 ","3,312 ","2,371 ","2,297 ","1,689 ",385 ,"15,243 ","2,265 ","2,623 ","3,006 ","2,975 ","3,171 ","4,047 ","3,866 ",993 ,6 
2022-04-25,"4,760 ","1,070 ","1,421 ","1,656 ","1,677 ","1,424 ",689 ,416 ,"9,056 ","1,280 ","1,201 ","1,534 ","1,427 ","1,788 ","2,245 ","1,973 ",734 ,10 
2022-04-26,"13,555 ","4,002 ","4,900 ","4,280 ","2,196 ","2,478 ","1,752 ",666 ,"19,360 ","3,013 ","2,768 ","3,737 ","3,515 ","3,836 ","4,346 ","5,180 ",746 ,8 
2022-04-27,"11,515 ","3,022 ","3,598 ","3,621 ","3,053 ","2,717 ","1,772 ",589 ,"18,418 ","2,955 ","2,925 ","3,691 ","3,934 ","3,635 ","5,417 ","4,653 ","1,237 ",10 
2022-04-28,"9,106 ","2,444 ","2,837 ","2,843 ","2,071 ","1,998 ","1,389 ",425 ,"13,655 ","2,196 ","2,025 ","2,672 ","2,652 ","2,571 ","3,979 ","3,728 ",846 ,15 
2022-04-29,"7,725 ","2,253 ","2,507 ","2,254 ","1,900 ","1,733 ","1,141 ",343 ,"12,039 ","1,840 ","1,974 ","2,323 ","2,411 ","2,565 ","3,552 ","3,239 ",751 ,4 
2022-04-30,"6,453 ","2,030 ","2,316 ","1,958 ","1,655 ","1,458 ",995 ,382 ,"10,339 ","1,644 ","1,471 ","1,943 ","1,998 ","2,263 ","2,864 ","2,717 ",783 ,4 
2022-05-01,"5,460 ","1,634 ","2,035 ","1,757 ","1,300 ","1,337 ","1,050 ",359 ,"8,572 ","1,401 ","1,589 ","1,821 ","1,742 ","1,961 ","2,671 ","2,486 ",577 ,5 
2022-05-02,"2,649 ",693 ,864 ,911 ,886 ,675 ,411 ,254 ,"5,338 ",752 ,704 ,878 ,925 ,995 ,"1,514 ","1,184 ",433 ,6 
2022-05-03,"8,708 ","2,869 ","3,245 ","2,605 ","1,437 ","1,665 ","1,195 ",370 ,"11,736 ","1,781 ","1,763 ","2,410 ","1,941 ","2,550 ","2,821 ","3,619 ",390 ,11 
2022-05-04,"7,435 ","2,170 ","2,484 ","2,165 ","1,843 ","1,714 ","1,119 ",411 ,"11,666 ","1,860 ","1,879 ","2,261 ","2,074 ","2,348 ","3,793 ","3,094 ",729 ,6 
2022-05-05,"6,644 ","2,047 ","2,165 ","2,017 ","1,450 ","1,462 ","1,043 ",356 ,"10,240 ","1,626 ","1,506 ","1,920 ","1,753 ","1,925 ","2,938 ","2,607 ",577 ,10 
2022-05-06,"3,593 ",865 ,"1,312 ","1,164 ","1,221 ","1,073 ",699 ,221 ,"6,165 ",959 ,"1,125 ","1,191 ","1,191 ","1,298 ","2,397 ","1,653 ",570 ,2 
2022-05-07,"6,641 ","2,275 ","2,314 ","2,021 ",988 ,"1,309 ",879 ,297 ,"9,441 ","1,486 ","1,357 ","1,771 ","1,583 ","1,913 ","2,453 ","2,517 ",339 ,6 
2022-05-08,"5,975 ","1,802 ","2,418 ","1,707 ","1,597 ","1,448 ","1,118 ",307 ,"8,553 ","1,429 ","1,595 ","1,747 ","2,006 ","1,899 ","2,963 ","2,782 ",696 ,4 
2022-05-09,"2,714 ",716 ,972 ,922 ,912 ,778 ,474 ,152 ,"5,480 ",808 ,700 ,901 ,785 ,904 ,"1,555 ","1,375 ",429 ,8 
2022-05-10,"8,138 ","2,771 ","3,244 ","2,555 ","1,522 ","1,547 ","1,320 ",466 ,"11,331 ","1,827 ","1,793 ","2,268 ","2,275 ","2,303 ","2,835 ","3,318 ",405 ,2 
2022-05-11,"6,201 ","1,996 ","2,223 ","2,175 ","1,678 ","1,428 ","1,258 ",370 ,"10,501 ","1,638 ","1,677 ","2,084 ","1,961 ","1,875 ","3,335 ","2,794 ",710 ,4 
2022-05-12,"5,694 ","1,742 ","1,887 ","1,684 ","1,291 ","1,282 ",964 ,330 ,"8,388 ","1,322 ","1,399 ","1,604 ","1,465 ","1,486 ","2,629 ","2,259 ",465 ,4 
2022-05-13,"5,173 ","1,601 ","1,796 ","1,512 ","1,099 ","1,058 ",816 ,279 ,"7,761 ","1,194 ","1,121 ","1,396 ","1,401 ","1,393 ","2,284 ","2,081 ",469 ,3 
2022-05-14,"4,764 ","1,539 ","1,516 ","1,413 ",986 ,890 ,781 ,272 ,"6,980 ","1,155 ","1,085 ","1,282 ","1,205 ","1,234 ","2,107 ","1,959 ",405 ,3 
2022-05-15,"4,024 ","1,027 ","1,303 ","1,158 ",696 ,923 ,767 ,228 ,"5,797 ",963 ,"1,052 ","1,247 ","1,129 ","1,125 ","1,879 ","1,734 ",366 ,5 
2022-05-16,"1,684 ",472 ,564 ,607 ,642 ,462 ,320 ,160 ,"3,575 ",587 ,452 ,638 ,585 ,505 ,"1,006 ",779 ,243 ,9 
2022-05-17,"5,884 ","1,914 ","2,095 ","1,723 ",881 ,"1,077 ",834 ,294 ,"9,088 ","1,375 ","1,188 ","1,542 ","1,371 ","1,253 ","1,990 ","2,281 ",308 ,6 
2022-05-18,"5,043 ","1,477 ","1,528 ","1,395 ",901 ,"1,026 ",856 ,297 ,"7,777 ","1,358 ","1,106 ","1,465 ","1,250 ","1,209 ","2,279 ","1,929 ",440 ,4 
2022-05-19,"4,557 ","1,261 ","1,462 ","1,336 ",817 ,950 ,753 ,269 ,"6,861 ","1,097 ","1,021 ","1,470 ","1,183 ","1,041 ","1,921 ","1,756 ",365 ,2 
2022-05-20,"4,110 ","1,084 ","1,297 ","1,148 ",821 ,845 ,660 ,229 ,"6,003 ","1,268 ",909 ,"1,184 ",954 ,"1,019 ","1,678 ","1,509 ",392 ,9 
2022-05-21,"3,586 ","1,094 ","1,316 ","1,064 ",751 ,743 ,626 ,209 ,"5,690 ","1,103 ",795 ,988 ,"1,021 ",907 ,"1,663 ","1,515 ",380 ,4 
2022-05-22,"2,902 ",868 ,"1,193 ",799 ,618 ,695 ,651 ,183 ,"4,265 ",828 ,670 ,852 ,859 ,839 ,"1,510 ","1,272 ",280 ,3 
2022-05-23,"1,213 ",358 ,480 ,392 ,342 ,386 ,210 ,109 ,"2,666 ",515 ,330 ,422 ,479 ,409 ,847 ,553 ,258 ,2 
2022-05-24,"4,271 ","1,527 ","2,054 ","1,055 ",594 ,908 ,753 ,275 ,"6,028 ","1,065 ",905 ,"1,151 ","1,061 ",922 ,"1,668 ","1,829 ",271 ,1 
2022-05-25,"3,581 ","1,037 ","1,438 ",997 ,814 ,844 ,702 ,254 ,"5,260 ","1,150 ",826 ,"1,035 ","1,020 ",946 ,"1,982 ","1,476 ",581 ,2 
2022-05-26,"2,786 ",892 ,"1,299 ",756 ,594 ,628 ,572 ,162 ,"4,347 ",819 ,701 ,797 ,694 ,674 ,"1,508 ","1,269 ",304 ,3 
2022-05-27,"3,031 ",810 ,"1,014 ",591 ,465 ,552 ,506 ,152 ,"3,567 ",660 ,511 ,776 ,568 ,594 ,"1,390 ","1,101 ",281 ,7 
2022-05-28,"2,276 ",682 ,975 ,637 ,496 ,467 ,433 ,114 ,"3,254 ",570 ,487 ,624 ,584 ,508 ,"1,065 ",937 ,280 ,5 
2022-05-29,"2,017 ",534 ,794 ,431 ,420 ,446 ,394 ,140 ,"2,838 ",468 ,457 ,631 ,520 ,467 ,"1,008 ",817 ,257 ,8 
2022-05-30,"1,120 ",190 ,301 ,275 ,202 ,174 ,109 ,68 ,"1,467 ",296 ,214 ,278 ,227 ,234 ,497 ,353 ,124 ,4 
2022-05-31,"3,337 ",887 ,"1,307 ",676 ,430 ,548 ,494 ,135 ,"3,775 ",696 ,628 ,678 ,615 ,614 ,966 ,"1,153 ",236 ,7 
2022-06-01,"2,924 ",707 ,941 ,537 ,462 ,451 ,461 ,119 ,"3,531 ",783 ,600 ,662 ,532 ,508 ,"1,303 ",985 ,280 ,1 
2022-06-02,"1,821 ",402 ,687 ,378 ,264 ,368 ,321 ,99 ,"2,105 ",415 ,336 ,453 ,292 ,325 ,824 ,591 ,201 ,4 
2022-06-03,"2,441 ",609 ,915 ,444 ,330 ,354 ,362 ,111 ,"2,870 ",586 ,414 ,407 ,446 ,429 ,842 ,826 ,142 ,7 
2022-06-04,"2,250 ",639 ,718 ,531 ,321 ,321 ,331 ,104 ,"2,746 ",546 ,397 ,538 ,415 ,391 ,889 ,688 ,209 ,2 
2022-06-05,"1,718 ",472 ,613 ,413 ,262 ,312 ,307 ,105 ,"2,189 ",384 ,327 ,491 ,378 ,354 ,751 ,572 ,179 ,1 
2022-06-06,738 ,185 ,301 ,191 ,155 ,195 ,105 ,43 ,"1,339 ",240 ,178 ,193 ,193 ,158 ,422 ,268 ,111 ,
2022-06-07,952 ,316 ,338 ,249 ,142 ,197 ,187 ,83 ,"1,438 ",307 ,245 ,298 ,216 ,205 ,452 ,409 ,134 ,3 
2022-06-08,"2,626 ",822 ,992 ,533 ,353 ,370 ,368 ,115 ,"3,074 ",586 ,401 ,458 ,469 ,446 ,816 ,746 ,174 ,4 
2022-06-09,"2,008 ",668 ,671 ,409 ,352 ,396 ,426 ,118 ,"2,735 ",540 ,438 ,597 ,415 ,493 ,983 ,697 ,199 ,4 
2022-06-10,"1,536 ",494 ,568 ,388 ,278 ,266 ,303 ,90 ,"2,122 ",444 ,317 ,400 ,302 ,350 ,735 ,550 ,161 ,3 
2022-06-11,"1,382 ",445 ,534 ,336 ,226 ,250 ,294 ,99 ,"2,066 ",383 ,304 ,300 ,275 ,318 ,625 ,471 ,126 ,1 
2022-06-12,"1,158 ",417 ,396 ,277 ,192 ,268 ,296 ,81 ,"1,689 ",360 ,246 ,285 ,272 ,279 ,573 ,440 ,143 ,4 
2022-06-13,660 ,187 ,204 ,121 ,108 ,146 ,109 ,16 ,"1,023 ",187 ,102 ,174 ,109 ,121 ,270 ,195 ,83 ,2 
2022-06-14,"1,762 ",670 ,619 ,590 ,198 ,239 ,306 ,75 ,"2,346 ",425 ,310 ,308 ,297 ,315 ,579 ,617 ,112 ,1 
2022-06-15,"1,688 ",534 ,559 ,397 ,214 ,271 ,320 ,59 ,"2,286 ",449 ,323 ,417 ,270 ,270 ,685 ,537 ,144 ,3 
2022-06-16,"1,546 ",457 ,466 ,334 ,187 ,195 ,284 ,65 ,"1,992 ",315 ,245 ,316 ,207 ,239 ,557 ,441 ,130 ,4 
2022-06-17,"1,277 ",474 ,446 ,289 ,162 ,177 ,256 ,59 ,"1,723 ",300 ,188 ,317 ,183 ,233 ,448 ,522 ,137 ,
2022-06-18,"1,234 ",421 ,438 ,256 ,135 ,126 ,244 ,71 ,"1,692 ",306 ,202 ,247 ,207 ,208 ,431 ,480 ,101 ,22 
2022-06-19,"1,107 ",343 ,402 ,278 ,134 ,138 ,242 ,52 ,"1,405 ",250 ,194 ,217 ,183 ,211 ,405 ,374 ,127 ,2 
2022-06-20,719 ,148 ,139 ,221 ,115 ,91 ,115 ,44 ,884 ,154 ,83 ,134 ,72 ,111 ,226 ,194 ,77 ,4 
2022-06-21,"2,041 ",531 ,587 ,477 ,180 ,175 ,317 ,63 ,"2,521 ",304 ,235 ,323 ,252 ,276 ,369 ,577 ,69 ,2 
2022-06-22,"1,772 ",552 ,468 ,402 ,183 ,204 ,332 ,76 ,"2,275 ",364 ,223 ,365 ,265 ,268 ,524 ,539 ,162 ,
2022-06-23,"1,579 ",454 ,351 ,371 ,145 ,205 ,241 ,63 ,"1,970 ",265 ,212 ,273 ,182 ,226 ,388 ,466 ,101 ,1 
2022-06-24,"1,604 ",395 ,384 ,365 ,143 ,159 ,179 ,65 ,"1,859 ",304 ,177 ,250 ,205 ,182 ,405 ,399 ,132 ,11 
2022-06-25,"1,549 ",402 ,315 ,330 ,125 ,163 ,191 ,53 ,"1,717 ",249 ,178 ,264 ,179 ,222 ,346 ,405 ,85 ,7 
2022-06-26,"1,307 ",388 ,283 ,370 ,123 ,150 ,229 ,64 ,"1,632 ",178 ,172 ,201 ,179 ,192 ,316 ,341 ,100 ,11 
2022-06-27,598 ,149 ,91 ,202 ,83 ,99 ,86 ,26 ,"1,010 ",131 ,85 ,142 ,92 ,131 ,200 ,211 ,67 ,16 
2022-06-28,"2,472 ",684 ,460 ,497 ,129 ,221 ,269 ,52 ,"2,581 ",318 ,221 ,321 ,286 ,309 ,340 ,637 ,85 ,7 
2022-06-29,"2,472 ",595 ,392 ,615 ,210 ,269 ,341 ,79 ,"2,659 ",346 ,231 ,380 ,290 ,268 ,544 ,578 ,169 ,10 
2022-06-30,"2,280 ",587 ,402 ,505 ,194 ,230 ,281 ,71 ,"2,444 ",283 ,218 ,300 ,271 ,249 ,501 ,560 ,205 ,9 
2022-07-01,"2,339 ",586 ,423 ,465 ,171 ,209 ,291 ,55 ,"2,463 ",240 ,264 ,317 ,252 ,227 ,464 ,556 ,184 ,8 
2022-07-02,"2,776 ",611 ,369 ,524 ,164 ,274 ,311 ,79 ,"2,817 ",313 ,265 ,381 ,273 ,243 ,503 ,576 ,216 ,14 
2022-07-03,"2,432 ",546 ,294 ,563 ,188 ,241 ,285 ,70 ,"2,657 ",269 ,215 ,416 ,268 ,248 ,536 ,587 ,207 ,15 
2022-07-04,"1,158 ",291 ,253 ,345 ,144 ,213 ,147 ,57 ,"1,894 ",235 ,166 ,239 ,125 ,148 ,313 ,332 ,174 ,9 
2022-07-05,"4,772 ","1,167 ",677 ,974 ,280 ,433 ,465 ,117 ,"4,895 ",532 ,412 ,585 ,401 ,385 ,656 ,"1,074 ",285 ,15 
2022-07-06,"4,762 ","1,163 ",645 ,"1,067 ",337 ,451 ,518 ,153 ,"5,171 ",596 ,488 ,665 ,479 ,459 ,942 ,"1,066 ",381 ,9 
2022-07-07,"4,575 ","1,156 ",658 ,979 ,313 ,488 ,480 ,111 ,"4,982 ",560 ,440 ,698 ,456 ,410 ,798 ,971 ,413 ,6 
2022-07-08,"4,601 ","1,236 ",627 ,972 ,362 ,559 ,490 ,165 ,"5,403 ",486 ,493 ,772 ,543 ,379 ,759 ,"1,039 ",394 ,17 
2022-07-09,"4,893 ","1,279 ",712 ,"1,060 ",350 ,504 ,580 ,173 ,"5,626 ",546 ,566 ,758 ,519 ,477 ,745 ,"1,094 ",366 ,13 
2022-07-10,"5,236 ","1,296 ",488 ,926 ,370 ,524 ,646 ,196 ,"5,443 ",434 ,562 ,781 ,574 ,440 ,903 ,"1,060 ",492 ,13 
2022-07-11,"2,616 ",625 ,454 ,631 ,267 ,469 ,330 ,103 ,"3,986 ",312 ,317 ,446 ,307 ,236 ,534 ,658 ,359 ,22 
2022-07-12,"9,407 ","2,667 ","1,433 ","1,910 ",662 ,912 ,"1,000 ",320 ,"10,303 ",889 ,977 ,"1,289 ",989 ,754 ,"1,162 ","2,105 ",541 ,16 
2022-07-13,"9,358 ","2,505 ","1,429 ","2,087 ",814 ,968 ,"1,129 ",375 ,"11,171 ","1,046 ","1,069 ","1,593 ","1,050 ",850 ,"1,650 ","2,166 ",964 ,16 
2022-07-14,"9,651 ","2,357 ","1,281 ","1,953 ",800 ,"1,022 ","1,086 ",266 ,"10,629 ","1,037 ","1,041 ","1,513 ","1,148 ",850 ,"1,571 ","2,085 ",854 ,15 
2022-07-15,"8,943 ","2,533 ","1,545 ","2,091 ",815 ,"1,006 ","1,054 ",258 ,"10,524 ","1,120 ","1,041 ","1,416 ","1,070 ",855 ,"1,618 ","2,064 ",878 ,26 
2022-07-16,"9,449 ","2,617 ","1,335 ","2,125 ",812 ,"1,055 ","1,178 ",305 ,"11,444 ","1,111 ","1,283 ","1,640 ","1,145 ",889 ,"1,621 ","2,299 ",967 ,20 
2022-07-17,"8,561 ","2,568 ","1,174 ","2,092 ",937 ,"1,172 ","1,369 ",316 ,"11,039 ","1,158 ","1,279 ","1,520 ","1,242 ",906 ,"1,683 ","2,231 ","1,033 ",35 
2022-07-18,"4,892 ","1,249 ","1,022 ","1,937 ",580 ,758 ,609 ,269 ,"8,261 ",678 ,715 ,981 ,682 ,547 ,"1,067 ","1,164 ",832 ,32 
2022-07-19,"18,029 ","4,891 ","2,423 ","4,227 ","1,368 ","1,952 ","2,067 ",559 ,"20,090 ","2,009 ","1,986 ","2,756 ","2,093 ","1,658 ","2,218 ","3,968 ","1,221 ",28 
2022-07-20,"17,191 ","4,411 ","2,573 ","4,400 ","1,723 ","2,058 ","2,106 ",522 ,"21,352 ","2,203 ","2,210 ","2,864 ","2,198 ","1,602 ","3,149 ","3,845 ","1,939 ",15 
2022-07-21,"16,655 ","4,126 ","2,405 ","3,930 ","1,650 ","2,028 ","2,020 ",490 ,"19,498 ","1,992 ","1,893 ","2,637 ","2,185 ","1,692 ","2,829 ","3,479 ","1,599 ",21 
2022-07-22,"15,367 ","3,795 ","2,287 ","3,707 ","1,596 ","1,843 ","1,866 ",528 ,"18,811 ","2,140 ","2,169 ","2,641 ","2,257 ","1,625 ","2,899 ","3,564 ","1,469 ",25 
2022-07-23,"14,819 ","3,942 ","2,558 ","3,756 ","1,632 ","1,976 ","1,865 ",493 ,"18,373 ","2,030 ","2,139 ","2,676 ","2,176 ","1,747 ","2,943 ","3,777 ","1,589 ",33 
2022-07-24,"13,796 ","3,546 ","1,922 ","3,469 ","1,670 ","1,986 ","1,984 ",585 ,"17,287 ","1,895 ","2,255 ","2,644 ","2,351 ","1,770 ","3,004 ","3,515 ","1,678 ",11 
2022-07-25,"5,961 ","1,436 ","1,430 ","1,944 ","1,106 ","1,250 ",702 ,232 ,"10,896 ","1,065 ","1,259 ","1,397 ","1,214 ",991 ,"1,771 ","1,947 ","1,206 ",46 
2022-07-26,"23,058 ","6,314 ","3,444 ","5,350 ","2,315 ","2,704 ","2,393 ",795 ,"27,261 ","2,478 ","3,006 ","4,192 ","2,914 ","2,546 ","3,355 ","5,462 ","1,624 ",17 
2022-07-27,"20,071 ","5,288 ","3,876 ","5,308 ","2,889 ","2,845 ","2,673 ",829 ,"27,192 ","3,301 ","3,241 ","4,188 ","3,371 ","2,635 ","4,967 ","5,480 ","2,054 ",21 
2022-07-28,"18,151 ","4,694 ","3,051 ","4,840 ","2,469 ","2,571 ","2,377 ",727 ,"24,250 ","2,852 ","2,905 ","3,658 ","2,799 ","2,414 ","4,287 ","4,435 ","1,839 ",23 
2022-07-29,"17,500 ","4,591 ","3,498 ","4,374 ","2,381 ","2,557 ","2,157 ",631 ,"23,557 ","2,774 ","2,578 ","3,492 ","2,921 ","2,365 ","3,796 ","4,446 ","1,622 ",36 
2022-07-30,"16,569 ","4,519 ","2,873 ","4,115 ","2,172 ","2,476 ","2,096 ",621 ,"22,427 ","2,609 ","2,779 ","3,353 ","2,926 ","2,316 ","3,812 ","4,447 ","1,837 ",12 
2022-07-31,"14,139 ","3,835 ","2,504 ","3,949 ","2,284 ","2,418 ","2,069 ",587 ,"18,578 ","2,474 ","2,543 ","3,249 ","3,009 ","2,195 ","4,145 ","3,971 ","1,583 ",24 
2022-08-01,"7,328 ","2,063 ","1,947 ","2,455 ","1,494 ","1,488 ","1,096 ",357 ,"12,998 ","1,450 ","1,445 ","1,806 ","1,579 ","1,447 ","2,398 ","2,255 ","1,013 ",27 
2022-08-02,"24,602 ","7,010 ","4,485 ","5,741 ","2,648 ","4,165 ","2,539 ","1,009 ","30,090 ","3,120 ","3,321 ","4,295 ","3,652 ","3,127 ","4,404 ","6,002 ","1,502 ",33 
2022-08-03,"23,007 ","6,658 ","4,761 ","6,261 ","3,551 ","3,531 ","2,855 ",949 ,"31,685 ","4,613 ","3,953 ","5,560 ","4,303 ","3,635 ","6,184 ","6,378 ","1,966 ",17 
2022-08-04,"20,218 ","6,183 ","4,394 ","5,538 ","3,416 ","3,314 ","2,877 ",918 ,"27,821 ","4,369 ","3,621 ","4,360 ","4,228 ","3,159 ","5,687 ","5,814 ","1,895 ",35 
2022-08-05,"20,793 ","6,634 ","4,800 ","5,900 ","3,392 ","3,622 ","2,936 ",870 ,"29,413 ","4,010 ","3,753 ","4,805 ","4,115 ","3,886 ","5,782 ","6,383 ","1,705 ",34 
2022-08-06,"20,148 ","6,578 ","4,706 ","5,591 ","2,845 ","3,462 ","2,956 ",822 ,"29,084 ","3,974 ","3,913 ","4,712 ","4,084 ","3,587 ","5,720 ","6,760 ","1,642 ",41 
2022-08-07,"18,355 ","5,821 ","4,721 ","5,620 ","3,415 ","3,452 ","3,132 ",863 ,"26,277 ","3,430 ","3,654 ","4,470 ","4,479 ","3,286 ","5,893 ","6,735 ","1,828 ",28 
2022-08-08,"7,857 ","2,618 ","2,284 ","2,785 ","1,996 ","1,772 ","1,601 ",519 ,"15,082 ","2,508 ","1,959 ","2,231 ","2,230 ","2,045 ","3,420 ","3,048 ","1,243 ",46 
2022-08-09,"29,472 ","10,008 ","7,151 ","7,763 ","3,461 ","4,952 ","3,520 ","1,155 ","39,014 ","4,760 ","5,099 ","5,951 ","5,506 ","5,014 ","5,897 ","9,437 ","1,654 ",35 
2022-08-10,"26,049 ","8,912 ","6,996 ","7,707 ","5,159 ","4,674 ","4,190 ","1,327 ","38,078 ","5,275 ","5,346 ","6,637 ","6,083 ","5,862 ","8,512 ","8,885 ","1,993 ",34 
2022-08-11,"24,500 ","8,187 ","6,299 ","6,680 ","4,802 ","4,266 ","3,243 ","1,052 ","34,829 ","4,606 ","4,639 ","5,841 ","5,500 ","5,339 ","7,125 ","8,208 ","2,022 ",28 
2022-08-12,"22,822 ","7,390 ","5,816 ","7,003 ","4,040 ","3,797 ","3,103 ",983 ,"32,737 ","4,311 ","4,238 ","5,746 ","4,997 ","5,231 ","6,661 ","7,768 ","1,984 ",35 
2022-08-13,"21,848 ","7,658 ","6,069 ","6,095 ","4,396 ","3,901 ","2,963 ","1,064 ","31,116 ","3,987 ","4,177 ","5,224 ","4,800 ","5,391 ","6,210 ","7,762 ","1,867 ",10 
2022-08-14,"19,580 ","7,000 ","5,633 ","6,062 ","4,485 ","4,112 ","2,810 ","1,049 ","29,211 ","3,463 ","4,297 ","5,597 ","5,100 ","5,022 ","6,457 ","7,714 ","1,911 ",25 
2022-08-15,"8,242 ","2,927 ","3,038 ","2,978 ","2,714 ","2,262 ","1,595 ",522 ,"16,079 ","2,368 ","2,242 ","2,842 ","2,452 ","2,778 ","3,584 ","3,933 ","1,471 ",21 
2022-08-16,"13,053 ","4,672 ","4,906 ","4,204 ","2,660 ","2,968 ","2,104 ",765 ,"21,053 ","2,756 ","2,986 ","3,601 ","3,662 ","3,439 ","4,261 ","5,568 ","1,391 ",42 
2022-08-17,"32,511 ","13,023 ","8,727 ","9,109 ","5,521 ","6,175 ","3,877 ","1,548 ","45,952 ","5,176 ","5,724 ","7,536 ","6,290 ","7,507 ","7,548 ","12,719 ","1,783 ",20 
2022-08-18,"28,359 ","11,146 ","9,931 ","9,211 ","6,737 ","6,066 ","4,208 ","1,414 ","42,422 ","5,638 ","6,305 ","8,357 ","6,981 ","7,588 ","10,125 ","11,630 ","2,357 ",33 
2022-08-19,"21,026 ","8,764 ","8,134 ","6,740 ","5,411 ","4,387 ","3,137 ",977 ,"33,367 ","4,303 ","4,756 ","5,776 ","5,732 ","6,013 ","8,620 ","9,489 ","2,108 ",33 
2022-08-20,"19,964 ","8,546 ","7,220 ","6,247 ","4,710 ","4,368 ","3,149 ","1,108 ","31,325 ","3,669 ","4,441 ","5,762 ","5,079 ","5,732 ","7,242 ","8,836 ","1,897 ",57 
2022-08-21,"16,738 ","6,829 ","6,434 ","5,425 ","4,031 ","3,771 ","2,862 ",954 ,"25,592 ","3,030 ","3,793 ","5,185 ","4,727 ","5,055 ","6,937 ","7,598 ","1,933 ",12 
2022-08-22,"7,391 ","2,732 ","3,572 ","3,111 ","2,659 ","2,050 ","1,282 ",474 ,"14,997 ","2,134 ","2,024 ","2,476 ","2,528 ","2,629 ","3,770 ","3,788 ","1,353 ",44 
2022-08-23,"25,671 ","10,687 ","8,636 ","8,196 ","4,171 ","5,209 ","3,367 ","1,248 ","37,222 ","4,167 ","4,694 ","6,743 ","5,391 ","6,524 ","6,419 ","10,315 ","1,529 ",18 
2022-08-24,"20,567 ","8,586 ","7,891 ","7,098 ","5,746 ","4,202 ","3,264 ","1,171 ","32,643 ","4,628 ","4,698 ","6,395 ","5,529 ","6,081 ","9,073 ","9,617 ","2,096 ",13 
2022-08-25,"17,716 ","7,164 ","6,307 ","5,794 ","4,140 ","3,660 ","2,553 ",944 ,"27,024 ","3,329 ","3,810 ","5,241 ","4,532 ","5,080 ","6,421 ","7,982 ","1,634 ",17 
2022-08-26,"15,750 ","6,280 ","5,317 ","5,422 ","3,690 ","3,330 ","2,159 ",910 ,"24,532 ","3,053 ","3,402 ","4,921 ","4,046 ","4,361 ","5,670 ","6,851 ","1,394 ",25 
2022-08-27,"14,583 ","6,030 ","5,578 ","4,816 ","3,357 ","3,054 ","2,062 ",831 ,"22,859 ","2,834 ","3,455 ","4,519 ","3,735 ","4,144 ","5,371 ","6,910 ","1,415 ",18 
2022-08-28,"13,047 ","5,073 ","4,908 ","4,332 ","3,233 ","2,787 ","1,916 ",814 ,"19,828 ","2,458 ","2,978 ","3,995 ","3,753 ","3,511 ","5,211 ","6,137 ","1,227 ",25 
2022-08-29,"5,753 ","1,797 ","1,965 ","2,582 ","1,494 ","1,563 ",814 ,437 ,"11,885 ","1,512 ","1,616 ","2,040 ","1,558 ","1,905 ","2,760 ","2,570 ",839 ,24 
2022-08-30,"20,412 ","7,811 ","6,107 ","6,476 ","2,953 ","3,883 ","2,103 ","1,067 ","30,281 ","3,191 ","3,788 ","5,303 ","3,957 ","4,522 ","4,940 ","7,762 ","1,035 ",24 
2022-08-31,"15,904 ","5,850 ","5,734 ","5,305 ","3,649 ","3,203 ","1,884 ",848 ,"25,901 ","3,386 ","3,994 ","5,002 ","4,287 ","3,901 ","6,853 ","6,779 ","1,431 ",12 
2022-09-01,"13,323 ","4,486 ","4,135 ","4,463 ","2,818 ","2,664 ","1,601 ",682 ,"20,247 ","2,634 ","3,022 ","3,779 ","3,442 ","3,048 ","4,782 ","5,372 ","1,047 ",21 
2022-09-02,"15,564 ","4,769 ","5,069 ","5,178 ","2,507 ","3,112 ","1,461 ",839 ,"23,629 ","2,494 ","3,029 ","4,357 ","3,128 ","3,470 ","4,703 ","5,364 ",904 ,9 
2022-09-03,"13,899 ","4,172 ","4,238 ","4,503 ","2,235 ","2,512 ","1,449 ",736 ,"21,130 ","2,408 ","2,880 ","3,702 ","2,931 ","2,795 ","4,371 ","4,978 ",793 ,14 
2022-09-04,"11,939 ","3,685 ","4,272 ","3,978 ","2,365 ","2,342 ","1,463 ",719 ,"18,364 ","2,082 ","2,646 ","3,333 ","2,721 ","2,421 ","4,425 ","4,608 ",756 ,25 
2022-09-05,"5,319 ","1,392 ","1,749 ","2,378 ","1,226 ","1,298 ",621 ,364 ,"10,682 ","1,257 ","1,365 ","1,635 ","1,619 ","1,413 ","2,225 ","2,426 ",496 ,83 
